economy,time,bx_gsr_gnfs_cd,en_pop_slum_ur_zs,ne_imp_gnfs_kn,ny_gdp_mktp_cd,si_dst_02nd_20,si_dst_03rd_20,si_dst_04th_20,si_dst_05th_20,si_dst_10th_10,si_dst_50md,si_dst_frst_10,si_dst_frst_20,si_pov_dday,si_pov_gaps,si_pov_gini,si_pov_lmic,si_pov_lmic_gp,si_pov_mdim,si_pov_mdim_17,si_pov_mdim_17_xq,si_pov_mdim_fe,si_pov_mdim_hh,si_pov_mdim_it,si_pov_mdim_ma,si_pov_mdim_xq,si_pov_nahc,si_pov_umic,si_pov_umic_gp,si_spr_pc40,si_spr_pc40_zg,si_spr_pcap,si_spr_pcap_zg,sl_tlf_0714_zs,sp_ado_tfrt,sp_dyn_le00_fe_in,sp_dyn_le00_ma_in
ASM,2000,,,,,,,,,,,,,,,,,,,,,,,,,,,,,,,,,,,,
ASM,2001,,,,,,,,,,,,,,,,,,,,,,,,,,,,,,,,,,,,
ASM,2002,,,1053000000.0,512000000.0,,,,,,,,,,,,,,,,,,,,,,,,,,,,,,,,
ASM,2003,,,1046000000.0,524000000.0,,,,,,,,,,,,,,,,,,,,,,,,,,,,,,,,
ASM,2004,,,911000000.0,509000000.0,,,,,,,,,,,,,,,,,,,,,,,,,,,,,,,,
ASM,2005,,,912000000.0,500000000.0,,,,,,,,,,,,,,,,,,,,,,,,,,,,,,,,
ASM,2006,,,878000000.0,493000000.0,,,,,,,,,,,,,,,,,,,,,,,,,,,,,,,,
ASM,2007,,,845000000.0,518000000.0,,,,,,,,,,,,,,,,,,,,,,,,,,,,,,,,
ASM,2008,,,863000000.0,560000000.0,,,,,,,,,,,,,,,,,,,,,,,,,,,,,,,,
ASM,2009,,,751000000.0,675000000.0,,,,,,,,,,,,,,,,,,,,,,,,,,,,,,,,
ASM,2010,,,668000000.0,573000000.0,,,,,,,,,,,,,,,,,,,,,,,,,,,,,,,,
ASM,2011,,,621000000.0,570000000.0,,,,,,,,,,,,,,,,,,,,,,,,,,,,,,,,
ASM,2012,,,646000000.0,640000000.0,,,,,,,,,,,,,,,,,,,,,,,,,,,,,,,,
ASM,2013,,,673000000.0,638000000.0,,,,,,,,,,,,,,,,,,,,,,,,,,,,,,,,
ASM,2014,,,753000000.0,643000000.0,,,,,,,,,,,,,,,,,,,,,,,,,,,,,,,,
ASM,2015,,,780000000.0,673000000.0,,,,,,,,,,,,,,,,,,,,,,,,,,,,,,,,
ASM,2016,,,755000000.0,671000000.0,,,,,,,,,,,,,,,,,,,,,,,,,,,,,,,,
ASM,2017,,,668000000.0,612000000.0,,,,,,,,,,,,,,,,,,,,,,,,,,,,,,,,
ASM,2018,,,664000000.0,639000000.0,,,,,,,,,,,,,,,,,,,,,,,,,,,,,,,,
BGD,2000,7214255771.62451,77.8000030517578,298670000000.0,53369787318.6245,12.1,15.6,21.0,42.7,27.9,5.2,3.7,8.6,34.2,7.8,33.4,72.3,27.4,,,,,,,,,48.9,91.5,51.1,,,,,,112.2538,65.992,64.963
BGD,2001,6836930334.2454,,337045000000.0,53991289844.3291,,,,,,,,,,,,,,,,,,,,,,,,,,,,,,109.1354,66.574,65.408
BGD,2002,6885020099.52858,,320707000000.0,54724081490.5102,,,,,,,,,,,,,,,,,,,,,,,,,,,,,,106.017,67.126,65.815
BGD,2003,7928264010.95381,,348126000000.0,60158929188.2556,,,,,,,,,,,,,,,,,,,,,,,,,,,,,17.5385033159,103.6338,67.661,66.203
BGD,2004,9117424421.48158,,643161000000.0,65108544250.0425,,,,,,,,,,,,,,,,,,,,,,,,,,,,,,101.2506,68.189,66.578
BGD,2005,10551474004.9266,70.8000030517578,887966000000.0,69442943089.4309,12.2,15.6,20.9,42.5,28.0,4.3,3.8,8.8,25.1,4.9,33.2,65.8,22.4,,,,,,,,,40.0,89.2,46.6,,,,,,98.8674,68.715,66.949
BGD,2006,12887525768.4106,,1049491000000.0,71819083683.7403,,,,,,,,,,,,,,,,,,,,,,,,,,,,,16.2,96.4842,69.24,67.318
BGD,2007,14090342485.2356,,1217263000000.0,79611888213.148,,,,,,,,,,,,,,,,,,,,,,,,,,,,,,94.101,69.761,67.679
BGD,2008,17495074302.4983,,1194120000000.0,91631278239.3237,,,,,,,,,,,,,,,,,,,,,,,,,,,,,,93.0018,70.272,68.031
BGD,2009,17047455387.7291,,1163077000000.0,102477791472.39,,,,,,,,,,,,,,,,,,,,,,,,,,,,,,91.9026,70.773,68.37
BGD,2010,21654463975.0679,61.5999984741211,1171061000000.0,115279077465.226,12.5,16.0,21.2,41.5,26.9,5.1,3.9,8.9,19.2,3.5,32.1,60.0,18.7,,,,,,,,,31.5,87.6,43.0,1.89,,3.55,,,90.8034,71.257,68.694
BGD,2011,26990086630.4744,,1512460000000.0,128637938711.386,,,,,,,,,,,,,,,,,,,,,,,,,,,,,,89.7042,71.721,68.996
BGD,2012,27591054728.5413,,1671549000000.0,133355749482.478,,,,,,,,,,,,,,,,,,,,,,,,,,,,,,88.605,72.159,69.273
BGD,2013,31635199879.2911,,1691911000000.0,149990451022.29,,,,,,,,,,,,,,,,,,,,,,,,,,,,,5.002084,87.4764,72.571,69.526
BGD,2014,33057235033.7095,55.0999984741211,1711678000000.0,172885454931.453,,,,,,,,,,,,,,,,,,,,,,,,,,,,,,86.3478,72.955,69.759
BGD,2015,34969256093.9049,,1766498000000.0,195078678697.23,,,,,,,,,,,,,,,,,,,,,,,,,,,,,,85.2192,73.316,69.978
BGD,2016,37662675681.5369,49.4000015258789,1641220000000.0,221415188000.475,12.4,16.1,21.4,41.4,26.8,6.1,3.7,8.6,14.3,2.6,32.4,52.3,15.3,,,,,,,,,24.3,84.2,38.8,2.05,1.35,3.89,1.54,,84.0906,73.655,70.192
BGD,2017,39170435004.246,,1688413000000.0,249710922462.309,,,,,,,,,,,,,,,,,,,,,,,,,,,,,,82.962,73.978,70.409
BGD,2018,44128038982.4148,47.2000007629395,2144495000000.0,274038973437.275,,,,,,,,,,,,,,,,,,,,,,,,,,,,,,82.3128,74.291,70.637
BRN,2000,,,3520777800.0,6001153306.2645,,,,,,,,,,,,,,,,,,,,,,,,,,,,,,27.4754,74.135,71.692
BRN,2001,4125731309.131,,3632844300.0,5601090584.36122,,,,,,,,,,,,,,,,,,,,,,,,,,,,,,27.0112,74.332,71.993
BRN,2002,4135579443.15039,,4117629200.0,5843329107.56171,,,,,,,,,,,,,,,,,,,,,,,,,,,,,,26.547,74.525,72.279
BRN,2003,4860307891.40582,,3785162500.0,6557333084.60567,,,,,,,,,,,,,,,,,,,,,,,,,,,,,,24.849,74.715,72.547
BRN,2004,5613073006.10381,,3666379300.0,7872333215.00414,,,,,,,,,,,,,,,,,,,,,,,,,,,,,,23.151,74.901,72.792
BRN,2005,6857071420.58467,,4039386500.0,9531402847.87311,,,,,,,,,,,,,,,,,,,,,,,,,,,,,,21.453,75.082,73.009
BRN,2006,8371474050.7876,,4204711600.0,11470703002.0769,,,,,,,,,,,,,,,,,,,,,,,,,,,,,,19.755,75.257,73.192
BRN,2007,8504938837.00846,,4760335900.0,12247694247.2298,,,,,,,,,,,,,,,,,,,,,,,,,,,,,,18.057,75.425,73.344
BRN,2008,11564949952.7002,,5282421300.0,14393099068.5859,,,,,,,,,,,,,,,,,,,,,,,,,,,,,,17.3338,75.586,73.469
BRN,2009,8086792762.52575,,5240046400.0,10732366286.2643,,,,,,,,,,,,,,,,,,,,,,,,,,,,,,16.6106,75.738,73.571
BRN,2010,9261650665.53031,,5226000000.0,13707370737.0737,,,,,,,,,,,,,,,,,,,,,,,,,,,,,,15.8874,75.883,73.661
BRN,2011,12877940242.249,,6988000000.0,18525319977.7407,,,,,,,,,,,,,,,,,,,,,,,,,,,,,,15.1642,76.022,73.746
BRN,2012,13364678877.7238,,8427000000.0,19047940300.8963,,,,,,,,,,,,,,,,,,,,,,,,,,,,,,14.441,76.156,73.835
BRN,2013,12328064821.1666,,9651000000.0,18093829923.2737,,,,,,,,,,,,,,,,,,,,,,,,,,,,,,13.6072,76.286,73.935
BRN,2014,11668217281.5374,,6669000000.0,17098342541.4365,,,,,,,,,,,,,,,,,,,,,,,,,,,,,,12.7734,76.416,74.048
BRN,2015,6773193238.17223,,5888000000.0,12930394937.8137,,,,,,,,,,,,,,,,,,,,,,,,,,,,,,11.9396,76.547,74.175
BRN,2016,5342041396.27606,,6047762000.0,11400854267.7188,,,,,,,,,,,,,,,,,,,,,,,,,,,,,,11.1058,76.681,74.313
BRN,2017,6025744289.57607,,6125545300.0,12128104859.1498,,,,,,,,,,,,,,,,,,,,,,,,,,,,,,10.272,76.819,74.454
BRN,2018,7040938538.27712,,7845138300.0,13567351175.0315,,,,,,,,,,,,,,,,,,,,,,,,,,,,,,9.7116,76.96,74.593
BTN,2000,,,9529933900.0,424464089.897641,,,,,,,,,,,,,,,,,,,,,,,,,,,,,,77.1602,61.116,60.635
BTN,2001,,,10379543500.0,461444513.66815,,,,,,,,,,,,,,,,,,,,,,,,,,,,,,73.1576,62.056,61.542
BTN,2002,,,12152236500.0,520849551.532606,,,,,,,,,,,,,,,,,,,,,,,,,,,,,,69.155,62.99,62.448
BTN,2003,,,13612761300.0,604041957.921855,10.0,14.2,21.3,48.0,32.2,12.5,2.8,6.5,17.8,3.3,40.9,45.3,15.2,,,,,,,,,,73.0,34.6,,,,,,64.9028,63.895,63.335
BTN,2004,,,17495439100.0,682523857.01677,,,,,,,,,,,,,,,,,,,,,,,,,,,,,,60.6506,64.758,64.192
BTN,2005,,,19767366500.0,796938120.181406,,,,,,,,,,,,,,,,,,,,,,,,,,,,,,56.3984,65.56,65.002
BTN,2006,363738082.545728,,19349241300.0,874989895.601121,,,,,,,,,,,,,,,,,,,,,,,,,,,,,,52.1462,66.293,65.754
BTN,2007,636741509.768701,,21470796000.0,1168308516.63301,10.8,15.3,22.1,45.1,29.4,13.7,2.7,6.7,8.2,1.6,38.1,30.6,8.8,,,,,,,,,23.2,61.6,25.0,,,,,,47.894,66.957,66.445
BTN,2008,653637755.393743,,22061480000.0,1227808790.6733,,,,,,,,,,,,,,,,,,,,,,,,,,,,,,43.913,67.558,67.075
BTN,2009,574268848.326477,,25226333171.7191,1234014291.82342,,,,,,,,,,,,,,,,,,,,,,,,,,,,,,39.932,68.101,67.645
BTN,2010,590485064.364733,,32475410858.6302,1547991317.81183,,,,,,,,,,,,,,,33.9,0.14,,,,,,,,,,,,,,35.951,68.593,68.157
BTN,2011,745573125.523142,,34410818417.5833,1777101316.67756,,,,,,,,,,,,,,,,,,,,,,,,,,,,,,31.97,69.043,68.619
BTN,2012,729034440.586467,,31959209740.5227,1781281281.57912,10.8,15.0,21.4,46.0,30.7,12.3,2.7,6.7,2.2,0.4,38.8,14.7,3.4,12.4,,,,,40.1,,0.05,12.0,44.3,14.5,3.52,,8.04,,,27.989,69.466,69.042
BTN,2013,667794405.571274,,31388717726.5325,1756215665.09323,,,,,,,,,,,,,,,,,,,,,,,,,,,,,,26.428,69.873,69.436
BTN,2014,659145142.494112,,30361501858.0986,1907090813.45906,,,,,,,,,,,,,,,,,,,,,,,,,,,,,,24.867,70.272,69.809
BTN,2015,706946117.876842,,34454708007.6737,2003598212.99135,,,,,,,,,,,,,,,,,,,,,,,,,,,,,,23.306,70.668,70.164
BTN,2016,642339520.120198,,32172258489.7687,2158972129.00307,,,,,,,,,,,,,,,,,,,,,,,,,,,,,,21.745,71.06,70.503
BTN,2017,716346961.256478,,32044390453.4325,2450364928.07302,10.8,15.5,22.7,44.4,27.9,13.8,2.7,6.7,1.5,0.2,37.4,12.2,2.6,5.8,7.2,0.0283,,,39.4,,0.023,8.2,38.9,12.3,3.81,1.63,8.74,1.67,,20.184,71.444,70.822
BTN,2018,785622133.829875,,34150310284.0109,2446866404.93058,,,,,,,,,,,,,,,,,,,,,,,,,,,,,,18.895,71.816,71.123
CHN,2000,190039384000.0,37.2999992370605,,1211346869600.41,,,,,,,,,,,,,,,,,,,,,,49.8,,,,,,,,9.911,73.405,69.595
CHN,2001,208572000000.0,,,1339395718862.89,,,,,,,,,,,,,,,,,,,,,,,,,,,,,,9.33,73.674,69.981
CHN,2002,247626456545.448,,,1470550015077.93,9.6,14.5,22.3,48.0,31.3,,2.3,5.6,31.7,10.1,42.0,57.7,24.6,,,,,,,,,,80.6,43.9,,,,,,8.749,73.951,70.351
CHN,2003,445976206260.613,,,1660287965663.89,,,,,,,,,,,,,,,,,,,,,,,,,,,,,,8.4572,74.237,70.697
CHN,2004,604774713079.717,,,1955347004965.69,,,,,,,,,,,,,,,,,,,,,,,,,,,,,,8.1654,74.535,71.013
CHN,2005,773339005396.985,32.9000015258789,,2285965892364.2,10.1,14.7,22.2,47.1,30.8,,2.4,5.8,18.5,4.9,40.9,43.2,15.5,,,,,,,,,30.2,70.5,33.5,,,,,,7.8736,74.845,71.297
CHN,2006,991731387760.491,,,2752131773358.92,,,,,,,,,,,,,,,,,,,,,,,,,,,,,,7.5818,75.17,71.551
CHN,2007,1258056795940.69,,,3550342737009.53,,,,,,,,,,,,,,,,,,,,,,,,,,,,,,7.29,75.508,71.788
CHN,2008,1497868782939.59,,,4594307032667.98,9.4,14.5,22.5,48.4,32.0,,2.1,5.2,14.9,3.9,43.0,34.7,12.4,,,,,,,,,,60.7,27.6,,,,,,7.3074,75.855,72.017
CHN,2009,1262664161019.72,,,5101703073088.97,,,,,,,,,,,,,,,,,,,,,,,,,,,,,,7.3248,76.208,72.244
CHN,2010,1656411658782.57,29.1000003814697,,6087163874510.73,9.2,14.3,22.3,49.0,32.6,,2.0,5.1,11.2,2.7,43.7,28.6,9.7,,,,,,,,,17.2,53.5,23.1,,,,,,7.3422,76.566,72.476
CHN,2011,2008852448487.47,,,7551500124197.17,9.6,14.6,22.3,48.1,31.8,,2.1,5.4,7.9,1.8,42.4,23.5,7.4,,,,,,,,,12.7,49.2,19.8,,,,,,7.3596,76.926,72.72
CHN,2012,2175092012376.37,,,8532229986993.65,9.7,14.7,22.4,47.8,31.5,,2.1,5.3,6.5,1.4,42.2,20.2,6.2,,,,,,,,,10.2,44.4,17.3,,,,,,7.377,77.284,72.976
CHN,2013,2355594737798.11,,,9570406235659.64,10.3,15.0,22.1,46.3,30.3,,2.5,6.2,1.9,0.4,39.7,12.1,2.8,,,,,,,,,8.5,36.4,11.7,3.92,,9.46,,,7.4286,77.635,73.242
CHN,2014,2462902030661.11,25.2000007629395,,10475682920597.7,10.5,15.2,22.3,45.8,29.7,,2.5,6.2,1.4,0.3,39.2,9.5,2.1,,,,,,,,,7.2,31.5,9.7,,,,,,7.4802,77.972,73.517
CHN,2015,2360152452309.1,,,11061553079871.5,10.6,15.3,22.3,45.4,29.4,,2.6,6.4,0.7,0.2,38.6,7.0,1.4,,,,,,,,,5.7,27.2,7.8,,,,,,7.5318,78.288,73.793
CHN,2016,2197922469129.56,,,11233276536744.7,10.7,15.3,22.2,45.3,29.4,,2.7,6.5,0.5,0.1,38.5,5.4,1.0,,,,,,,,,4.5,24.0,6.5,4.99,8.38,11.63,7.12,,7.5834,78.574,74.061
CHN,2017,2429277356205.39,,,12310409370894.2,,,,,,,,,,,,,,,,,,,,,,3.1,,,,,,,,7.635,78.828,74.315
CHN,2018,2651009602168.9,24.6000003814697,,13894817549380.3,,,,,,,,,,,,,,,,,,,,,,1.7,,,,,,,,7.643,79.051,74.549
FJI,2000,968296377.764879,,,1678239218.26553,,,,,,,,,,,,,,,,,,,,,,,,,,,,,,42.88,67.48,64.007
FJI,2001,914947432.405644,,,1652464201.00149,,,,,,,,,,,,,,,,,,,,,,,,,,,,,,42.023,67.616,64.212
FJI,2002,981420484.549961,,,1833279985.36741,11.0,15.2,21.7,45.4,29.6,13.2,2.7,6.7,2.3,0.4,38.1,14.2,3.3,,,,,,,,,39.8,42.3,13.7,,,,,,41.166,67.736,64.403
FJI,2003,1290507493.5182,,,2300453634.34962,,,,,,,,,,,,,,,,,,,,,,,,,,,,,,41.9814,67.83,64.565
FJI,2004,1402202844.19849,,,2708078476.63012,,,,,,,,,,,,,,,,,,,,,,,,,,,,,,42.7968,67.895,64.693
FJI,2005,1610673507.30981,,,2980484920.16558,,,,,,,,,,,,,,,,,,,,,,,,,,,,,,43.6122,67.938,64.788
FJI,2006,1542135461.49933,,,3076305452.86506,,,,,,,,,,,,,,,,,,,,,,,,,,,,,,44.4276,67.972,64.862
FJI,2007,1647872297.03695,,,3378314599.76402,,,,,,,,,,,,,,,,,,,,,,,,,,,,,,45.243,68.013,64.93
FJI,2008,2016565583.01351,,,3523185919.55826,10.8,14.4,20.5,47.8,32.9,11.7,2.7,6.6,1.6,0.2,40.4,10.9,2.3,,,,,,,,,35.2,37.3,11.1,,,,,,45.375,68.073,65.004
FJI,2009,1419739098.43882,,,2870624635.68032,,,,,,,,,,,,,,,,,,,,,,,,,,,,,,45.507,68.157,65.088
FJI,2010,1807130135.55665,,,3140508835.9485,,,,,,,,,,,,,,,,,,,,,,,,,,,,,,45.639,68.262,65.178
FJI,2011,2244423593.25846,,,3774530615.65916,,,,,,,,,,,,,,,,,,,,,,,,,,,,,,45.771,68.378,65.269
FJI,2012,2427702116.84206,,,3972012570.53467,,,,,,,,,,,,,,,,,,,,,,,,,,,,,,45.903,68.496,65.351
FJI,2013,2377615452.08497,,,4190143206.25611,11.3,15.2,21.3,44.7,29.7,9.0,3.1,7.5,0.5,0.1,36.7,7.5,1.3,,,,,,,,,34.0,35.8,9.5,,,,,,46.593,68.609,65.419
FJI,2014,2543209905.22606,,,4856963229.83999,,,,,,,,,,,,,,,,,,,,,,,,,,,,,,47.283,68.715,65.473
FJI,2015,2281871121.23635,,,4682546863.08162,,,,,,,,,,,,,,,,,,,,,,,,,,,,,,47.973,68.818,65.517
FJI,2016,2304372448.15239,10.8000001907349,,4930204229.72263,,,,,,,,,,,,,,,,,,,,,,,,,,,,,,48.663,68.925,65.555
FJI,2017,2465415822.98488,,,5353404422.08138,,,,,,,,,,,,,,,,,,,,,,,,,,,,,,49.353,69.043,65.594
FJI,2018,2669333187.2148,11.1999998092651,,5581371847.61641,,,,,,,,,,,,,,,,,,,,,,,,,,,,,,49.1406,69.178,65.641
FSM,2000,,,,233271800.0,,,,,,,,,,,,,,,,,,,,,,,,,,,,,,38.4866,66.168,63.053
FSM,2001,,,,240970900.0,,,,,,,,,,,,,,,,,,,,,,,,,,,,,,36.3748,66.338,63.193
FSM,2002,,,,242517200.0,,,,,,,,,,,,,,,,,,,,,,,,,,,,,,34.263,66.524,63.355
FSM,2003,,,,245432900.0,,,,,,,,,,,,,,,,,,,,,,,,,,,,,,32.4956,66.721,63.534
FSM,2004,,,,240236000.0,,,,,,,,,,,,,,,,,,,,,,,,,,,,,,30.7282,66.926,63.726
FSM,2005,,,,250281900.0,9.8,14.6,21.3,48.7,32.5,18.5,2.2,5.6,8.1,1.6,42.4,24.6,7.6,,,,,,,,,29.9,51.6,20.7,,,,,,28.9608,67.136,63.926
FSM,2006,,,,253541900.0,,,,,,,,,,,,,,,,,,,,,,,,,,,,,,27.1934,67.346,64.128
FSM,2007,,,,256787200.0,,,,,,,,,,,,,,,,,,,,,,,,,,,,,,25.426,67.556,64.326
FSM,2008,,,,263145100.0,,,,,,,,,,,,,,,,,,,,,,,,,,,,,,24.052,67.761,64.516
FSM,2009,77019500.0,,,280284600.0,,,,,,,,,,,,,,,,,,,,,,,,,,,,,,22.678,67.959,64.695
FSM,2010,92315200.0,,,296944100.0,,,,,,,,,,,,,,,,,,,,,,,,,,,,,,21.304,68.15,64.865
FSM,2011,91027600.0,,,311301600.0,,,,,,,,,,,,,,,,,,,,,,,,,,,,,,19.93,68.332,65.03
FSM,2012,117958700.0,,,327248700.0,,,,,,,,,,,,,,,,,,,,,,,,,,,,,,18.556,68.507,65.193
FSM,2013,126591400.0,,,317214400.0,10.7,15.3,22.5,46.0,29.7,16.0,1.9,5.5,15.4,5.5,40.1,38.7,14.2,,,,,,,,,41.2,69.1,31.6,,,,,,17.6296,68.678,65.358
FSM,2014,126186900.0,,,319271200.0,,,,,,,,,,,,,,,,,,,,,,,,,,,,,,16.7032,68.843,65.523
FSM,2015,,,,316489900.0,,,,,,,,,,,,,,,,,,,,,,,,,,,,,,15.7768,69.003,65.686
FSM,2016,,,,332265200.0,,,,,,,,,,,,,,,,,,,,,,,,,,,,,,14.8504,69.158,65.842
FSM,2017,,,,366666800.0,,,,,,,,,,,,,,,,,,,,,,,,,,,,,,13.924,69.308,65.986
FSM,2018,,,,401932300.0,,,,,,,,,,,,,,,,,,,,,,,,,,,,,,13.2274,69.454,66.117
GUM,2000,,,,,,,,,,,,,,,,,,,,,,,,,,,,,,,,,,62.3426,77.532,72.781
GUM,2001,,,,,,,,,,,,,,,,,,,,,,,,,,,,,,,,,,59.8318,77.916,73.112
GUM,2002,,,2274000000.0,3394000000.0,,,,,,,,,,,,,,,,,,,,,,,,,,,,,,57.321,78.301,73.426
GUM,2003,,,2266000000.0,3569000000.0,,,,,,,,,,,,,,,,,,,,,,,,,,,,,,55.2848,78.685,73.716
GUM,2004,,,2306000000.0,3869000000.0,,,,,,,,,,,,,,,,,,,,,,,,,,,,,,53.2486,79.062,73.981
GUM,2005,,,2241000000.0,4213000000.0,,,,,,,,,,,,,,,,,,,,,,,,,,,,,,51.2124,79.43,74.218
GUM,2006,,,2395000000.0,4238000000.0,,,,,,,,,,,,,,,,,,,,,,,,,,,,,,49.1762,79.783,74.427
GUM,2007,,,2754000000.0,4397000000.0,,,,,,,,,,,,,,,,,,,,,,,,,,,,,,47.14,80.124,74.614
GUM,2008,,,2808000000.0,4658000000.0,,,,,,,,,,,,,,,,,,,,,,,,,,,,,,45.4516,80.452,74.787
GUM,2009,,,2896000000.0,4828000000.0,,,,,,,,,,,,,,,,,,,,,,,,,,,,,,43.7632,80.768,74.95
GUM,2010,,,2903000000.0,4949000000.0,,,,,,,,,,,,,,,,,,,,,,,,,,,,,,42.0748,81.076,75.109
GUM,2011,,,3004000000.0,4984000000.0,,,,,,,,,,,,,,,,,,,,,,,,,,,,,,40.3864,81.383,75.269
GUM,2012,,,3037000000.0,5265000000.0,,,,,,,,,,,,,,,,,,,,,,,,,,,,,,38.698,81.692,75.433
GUM,2013,,,3251000000.0,5399000000.0,,,,,,,,,,,,,,,,,,,,,,,,,,,,,,37.301,82.003,75.604
GUM,2014,,,3323000000.0,5610000000.0,,,,,,,,,,,,,,,,,,,,,,,,,,,,,,35.904,82.313,75.784
GUM,2015,,,3202000000.0,5799000000.0,,,,,,,,,,,,,,,,,,,,,,,,,,,,,,34.507,82.614,75.976
GUM,2016,,,3190000000.0,5901000000.0,,,,,,,,,,,,,,,,,,,,,,,,,,,,,,33.11,82.894,76.178
GUM,2017,,,3098000000.0,6013000000.0,,,,,,,,,,,,,,,,,,,,,,,,,,,,,,31.713,83.146,76.39
GUM,2018,,,3181000000.0,6060000000.0,,,,,,,,,,,,,,,,,,,,,,,,,,,,,,30.6066,83.365,76.607
HKG,2000,216341287949.76,,2027968000000.0,171668164082.555,,,,,,,,,,,,,,,,,,,,,,,,,,,,,,4.3656,83.9,78.0
HKG,2001,207977224239.57,,2007852000000.0,169403241524.337,,,,,,,,,,,,,,,,,,,,,,,,,,,,,,4.0448,84.6,78.4
HKG,2002,219708454606.551,,2150773000000.0,166349228737.386,,,,,,,,,,,,,,,,,,,,,,,,,,,,,,3.724,84.5,78.5
HKG,2003,243373251073.372,,2402910000000.0,161384522525.299,,,,,,,,,,,,,,,,,,,,,,,,,,,,,,3.5802,84.4,78.5
HKG,2004,283699350288.676,,2750691000000.0,169099768875.193,,,,,,,,,,,,,,,,,,,,,,,,,,,,,,3.4364,84.8,79.0
HKG,2005,322259589757.709,,3006846000000.0,181570082162.19,,,,,,,,,,,,,,,,,,,,,,,,,,,,,,3.2926,84.6,78.8
HKG,2006,358355205527.656,,3303032000000.0,193536265094.364,,,,,,,,,,,,,,,,,,,,,,,,,,,,,,3.1488,85.5,79.4
HKG,2007,394489192294.543,,3604792000000.0,211597405593.868,,,,,,,,,,,,,,,,,,,,,,,,,,,,,,3.005,85.4,79.4
HKG,2008,424137318245.72,,3723697000000.0,219279678430.164,,,,,,,,,,,,,,,,,,,,,,,,,,,,,,3.0082,85.5,79.4
HKG,2009,381300703971.464,,3428755000000.0,214046415026.187,,,,,,,,,,,,,,,,,,,,,,,,,,,,,,3.0114,85.9,79.8
HKG,2010,469441931862.776,,4058686000000.0,228637697575.04,,,,,,,,,,,,,,,,,,,,,,,,,,,,,,3.0146,86.0,80.1
HKG,2011,528964931979.131,,4289449000000.0,248513617677.287,,,,,,,,,,,,,,,,,,,,,,,,,,,,,,3.0178,86.7,80.3
HKG,2012,566901902017.371,,4472212000000.0,262629441493.476,,,,,,,,,,,,,,,,,,,,,,,,,,,,,,3.021,86.4,80.7
HKG,2013,610980946926.177,,4844827000000.0,275696879834.966,,,,,,,,,,,,,,,,,,,,,,,,,,,,,,2.9578,86.7,81.1
HKG,2014,621081488103.407,,4895313000000.0,291459356985.337,,,,,,,,,,,,,,,,,,,,,,,,,,,,,,2.8946,86.9,81.2
HKG,2015,606083932209.968,,4807484000000.0,309383627028.561,,,,,,,,,,,,,,,,,,,,,,,,,,,,,,2.8314,87.3,81.4
HKG,2016,600059772323.163,,4849165000000.0,320837638328.846,,,,,,,,,,,,,,,,,,,,,,,,,,,,,,2.7682,87.3,81.3
HKG,2017,644556259051.515,,5170182000000.0,341244161576.759,,,,,,,,,,,,,,,,,,,,,,,,,,,,,,2.705,87.6,81.9
HKG,2018,681280769230.511,,5402350000000.0,361691522612.745,,,,,,,,,,,,,,,,,,,,,,,,,,,,,,2.6462,87.7,82.3
IDN,2000,70621521117.0085,34.4000015258789,782932375895900.0,165021012077.81,13.4,16.8,21.6,38.5,24.4,,4.2,9.6,34.9,7.7,28.6,77.2,28.7,,,,,,,,,19.1,95.1,53.9,,,,,8.934132,50.3512,67.185,64.349
IDN,2001,62865023700.0,,815657861287300.0,160446947784.909,13.3,16.6,21.4,39.0,25.0,,4.2,9.6,31.2,6.4,29.0,74.6,26.6,,,,,,,,,18.4,94.0,52.0,,,,,,51.1856,67.51,64.554
IDN,2002,65828023965.0,,780996859511300.0,195660611165.183,12.5,16.0,21.1,41.3,26.9,,4.0,9.1,19.0,3.3,31.7,61.3,19.0,,,,,,,,,18.2,88.6,43.8,,,,,,52.02,67.864,64.771
IDN,2003,69402126374.14,,793209570253000.0,234772463823.808,12.4,16.0,21.5,41.2,26.4,,3.8,8.9,19.3,3.5,31.9,59.8,18.7,,,,,,,,,17.4,87.0,42.8,,,,,,51.917,68.249,65.011
IDN,2004,78813558769.0248,,1004626052693500.0,256836875295.452,12.4,16.0,21.5,41.7,26.9,,3.6,8.4,21.0,4.4,32.7,59.8,19.5,,,,,,,,,16.7,87.0,43.3,,,,,,51.814,68.665,65.28
IDN,2005,94679537822.5466,26.2999992370605,1183137537764800.0,285868618224.017,12.3,15.9,21.3,42.0,27.4,,3.6,8.5,18.0,3.5,33.0,57.3,17.8,,,,,,,,,16.0,85.9,41.6,,,,,,51.711,69.107,65.579
IDN,2006,107400056941.626,,1284682299215000.0,364570514304.85,12.0,15.7,21.2,42.9,28.2,,3.4,8.1,23.9,5.4,34.3,62.4,21.3,,,,,,,,,17.8,87.9,45.0,,,,,,51.608,69.565,65.899
IDN,2007,122265544100.14,,1401129221822700.0,432216737774.861,11.5,15.3,21.3,44.0,28.9,,3.4,7.8,19.3,3.9,35.7,55.2,18.0,,,,,,,,,16.6,83.0,40.5,,,,,,51.505,70.025,66.228
IDN,2008,146055150859.016,,1541278114590700.0,510228634992.258,11.6,15.5,21.4,43.5,28.5,,3.4,7.9,19.0,3.6,35.2,53.9,17.3,,,,,,,,,15.4,83.2,39.9,,,,,,51.299,70.474,66.554
IDN,2009,125322055265.413,,1310433886958400.0,539580085612.401,11.7,15.5,21.2,43.6,28.8,,3.4,8.0,15.5,2.9,35.1,51.1,15.6,,,,,,,,,14.1,81.9,38.1,,,,,6.6,51.093,70.905,66.872
IDN,2010,166636323443.415,23.0,1537719772734300.0,755094160363.071,11.1,15.3,21.8,44.3,28.9,,3.3,7.6,13.3,2.3,36.4,45.0,13.6,,,,,,,,,13.3,75.5,34.0,,,,,3.7,50.887,71.311,67.182
IDN,2011,212996855848.882,,1768821873848100.0,892969107923.094,10.4,14.4,20.9,47.3,32.1,,3.0,7.1,10.9,1.8,39.7,41.9,12.2,,,,,,,,,12.5,72.2,31.8,,,,,,50.681,71.69,67.485
IDN,2012,211006612793.011,,1910299521014600.0,917869910105.749,10.4,14.3,20.7,47.4,32.3,,3.1,7.2,9.5,1.4,39.7,40.3,11.2,,,,,,,,,12.0,71.4,30.8,,,,,,50.475,72.047,67.784
IDN,2013,205033131237.093,,1945867324036400.0,912524136718.018,10.3,14.1,20.7,47.8,32.2,,3.1,7.1,7.3,1.1,40.0,37.6,9.9,,,,,,,,,11.4,68.7,28.9,,,,,,49.8548,72.383,68.081
IDN,2014,198823722296.059,21.7999992370605,1987113919438000.0,890814755233.225,10.4,14.5,20.9,47.1,31.8,,3.1,7.2,6.2,0.9,39.4,34.8,8.9,,,,,,,,,11.3,66.6,27.1,,,,,,49.2346,72.698,68.371
IDN,2015,171345363235.039,,1862938951004200.0,860854235065.079,10.5,14.5,20.6,47.3,32.4,,3.0,7.0,5.8,0.9,39.7,30.5,7.8,,,,,,,,,11.2,64.3,25.0,2.63,,5.97,,,48.6144,72.992,68.651
IDN,2016,167793327281.49,30.8999996185303,1818133162520500.0,931877364177.742,10.6,15.1,21.6,45.8,30.5,,2.9,6.9,5.2,0.8,38.6,28.6,7.2,,,,,,,,,10.9,59.7,23.0,,,,,,47.9942,73.264,68.914
IDN,2017,194210168760.017,,1964819168807400.0,1015618742565.81,10.7,15.1,22.0,45.2,29.6,,2.9,6.8,4.5,0.6,38.1,24.6,6.1,,,,,,,,,10.6,55.8,21.0,,,,,,47.374,73.515,69.156
IDN,2018,211931832768.586,30.6000003814697,2203269940299100.0,1042271531011.99,10.8,15.2,22.1,44.9,29.3,,2.9,6.9,3.6,0.5,37.8,21.5,5.1,,,,,,,,,9.8,53.2,19.2,,,,,,46.9052,73.748,69.375
IND,2000,59931697987.5545,41.5,5719378730000.0,468394937262.37,,,,,,,,,,,,,,,,,,,,,,,,,,,,,5.2,66.837,63.334,61.729
IND,2001,62130222527.4738,,5887771456800.0,485441014538.638,,,,,,,,,,,,,,,,,,,,,,,,,,,,,,63.498,63.745,62.121
IND,2002,70619282935.6584,,6594116763800.0,514937948870.08,,,,,,,,,,,,,,,,,,,,,,,,,,,,,,60.159,64.145,62.511
IND,2003,84795030552.851,,7509638458900.0,607699285433.872,,,,,,,,,,,,,,,,,,,,,,,,,,,,,,57.039,64.543,62.902
IND,2004,116019759652.382,,9176420342900.0,709148514804.659,12.0,15.4,20.6,43.5,29.1,,3.7,8.5,39.9,9.8,34.4,76.2,30.7,,,,,,,,,37.2,92.9,54.1,,,,,,53.919,64.943,63.293
IND,2005,154582031679.649,34.7999992370605,12137618602300.0,820381595512.902,,,,,,,,,,,,,,,,,,,,,,,,,,,,,4.2,50.799,65.357,63.689
IND,2006,193316062904.371,,14747770298900.0,940259888792.141,,,,,,,,,,,,,,,,,,,,,,,,,,,,,15.3,47.679,65.793,64.091
IND,2007,240082039833.715,,16215407521300.0,1216735441524.86,,,,,,,,,,,,,,,,,,,,,,,,,,,,,,44.559,66.253,64.499
IND,2008,305119336663.061,,19855543675900.0,1198895582137.51,,,,,,,,,,,,,,,,,,,,,,,,,,,,,,41.2576,66.735,64.91
IND,2009,260847157421.868,,19473162403300.0,1341886602798.69,11.8,15.2,20.5,44.2,30.0,,3.5,8.3,32.8,7.5,35.4,71.0,26.7,,,,,,,,,29.8,91.1,50.5,,,,,,37.9562,67.231,65.32
IND,2010,348035371769.33,29.3999996185303,22552237707300.0,1675615335600.56,,,,,,,,,,,,,,,,,,,,,,,,,,,,,2.5,34.6548,67.73,65.723
IND,2011,446375404070.601,,27155540000000.0,1823049927771.46,11.7,15.2,20.5,44.4,30.1,,3.5,8.1,22.5,4.6,35.7,61.7,20.6,,,,,,,,,21.9,87.4,44.4,,,,,,31.3534,68.218,66.115
IND,2012,443845180758.278,,28790791394500.0,1827637859135.7,,,,,,,,,,,,,,,,,,,,,,,,,,,,,1.7,28.052,68.68,66.488
IND,2013,468273426431.433,,26445550835000.0,1856722121394.53,,,,,,,,,,,,,,,,,,,,,,,,,,,,,,25.077,69.106,66.84
IND,2014,485583046457.597,24.0,26675952609600.0,2039127446298.55,,,,,,,,,,,,,,,,,,,,,,,,,,,,,,22.102,69.491,67.167
IND,2015,428630903175.949,,25115397729500.0,2103587813812.75,,,,,,,,,,,,,,,,,,,,,,,,,,,,,,19.127,69.835,67.468
IND,2016,430433487927.696,35.4000015258789,26215927811500.0,2294797980509.01,,,,,,,,,,,,,,,,,,,,,,,,,,,,,,16.152,70.142,67.745
IND,2017,489400913160.193,,30782738078000.0,2651472946374.91,,,,,,,,,,,,,,,,,,,,,,,,,,,,,,13.177,70.425,68.0
IND,2018,537042432147.227,35.2000007629395,33432201169800.0,2701111782775.03,,,,,,,,,,,,,,,,,,,,,,,,,,,,,,12.0708,70.692,68.239
KHM,2000,1825560248.01192,,8697901941000.0,3654031716.26881,,,,,,,,,,,,,,,,,,,,,,,,,,,,,,49.5172,60.624,56.186
KHM,2001,2095786689.48529,,9589377727500.0,3984000517.02345,,,,,,,,,,,,,,,,,,,,,,,,,,,,,52.3,48.8526,61.525,57.078
KHM,2002,2373990028.11467,,10982601648700.0,4284028482.53766,,,,,,,,,,,,,,,,,,,,,,,,,,,,,,48.188,62.477,58.007
KHM,2003,2634778249.40812,,12404501599000.0,4658246918.27092,,,,,,,,,,,,,,,,,,,,,,50.2,,,,,,,,47.946,63.444,58.941
KHM,2004,3393818852.73366,,14863592369300.0,5337833248.03924,,,,,,,,,,,,,,,,,,,,,,,,,,,,,48.9,47.704,64.4,59.858
KHM,2005,4026087917.5649,78.9000015258789,17438084907700.0,6293046161.83262,,,,,,,,,,,,,,,,,,,,,,,,,,,,,,47.462,65.312,60.738
KHM,2006,5017028770.0563,,20219815739800.0,7274595706.67154,,,,,,,,,,,,,,,,,,,,,,45.0,,,,,,,,47.22,66.15,61.567
KHM,2007,4680647133.06962,,22658526124400.0,8639235842.18075,,,,,,,,,,,,,,,,,,,,,,,,,,,,,,46.978,66.904,62.342
KHM,2008,5020493181.64083,,27780214004800.0,10351914093.1723,,,,,,,,,,,,,,,,,,,,,,34.0,,,,,,,,47.3456,67.569,63.062
KHM,2009,4965510407.70694,,24957717596600.0,10401851850.6108,,,,,,,,,,,,,,,,,,,,,,23.9,,,,,,,34.5,47.7132,68.145,63.72
KHM,2010,5931384790.02975,,29155867793000.0,11242275198.9783,,,,,,,,,,,,,,,,,,,,,,22.1,,,,,,,,48.0808,68.64,64.313
KHM,2011,7770774163.73532,,33922759796200.0,12829541141.0127,,,,,,,,,,,,,,,,,,,,,,20.5,,,,,,,,48.4484,69.072,64.842
KHM,2012,8875886160.17969,,39643416871800.0,14054443213.4639,,,,,,,,,,,,,,,,,,,,,,17.7,,,,,,,11.5,48.816,69.47,65.315
KHM,2013,10537592347.8133,,45633438951100.0,15227991395.2201,,,,,,,,,,,,,,,,,,,,,,,,,,,,,,49.0882,69.854,65.742
KHM,2014,11979344823.6543,55.0999984741211,50258442471400.0,16702610842.4025,,,,,,,,,,,,,,,,,,,,,,,,,,,,,,49.3604,70.234,66.127
KHM,2015,13291033923.3282,,53525687429500.0,18049954289.4229,,,,,,,,,,,,,,,,,,,,,,,,,,,,,,49.6326,70.61,66.474
KHM,2016,14305832074.9459,47.7000007629395,58136304681200.0,20016747754.0192,,,,,,,,,,,,,,,,,,,,,,,,,,,,,,49.9048,70.975,66.785
KHM,2017,15831866523.1595,,60496653195200.0,22177200511.5811,,,,,,,,,,,,,,,,,,,,,,,,,,,,,,50.177,71.318,67.062
KHM,2018,18413935867.9151,45.0999984741211,70724654007600.0,24571753583.4922,,,,,,,,,,,,,,,,,,,,,,,,,,,,,,50.7204,71.629,67.312
KIR,2000,,,,67254174.3970315,,,,,,,,,,,,,,,,,,,,,,,,,,,,,,36.7252,65.959,60.35
KIR,2001,,,,63101272.3699183,,,,,,,,,,,,,,,,,,,,,,,,,,,,,,35.1136,66.309,60.588
KIR,2002,,,,72196457.6768445,,,,,,,,,,,,,,,,,,,,,,,,,,,,,,33.502,66.656,60.797
KIR,2003,,,,90231856.8000519,,,,,,,,,,,,,,,,,,,,,,,,,,,,,,32.2492,67.001,60.974
KIR,2004,,,,102367039.270481,,,,,,,,,,,,,,,,,,,,,,,,,,,,,,30.9964,67.345,61.122
KIR,2005,,,,112133944.253532,,,,,,,,,,,,,,,,,,,,,,,,,,,,,,29.7436,67.696,61.249
KIR,2006,11460498.3162176,,,110234939.759036,11.6,16.0,21.9,44.0,29.2,14.1,2.6,6.6,12.9,3.3,37.0,34.6,11.3,,,,,,,,,21.8,69.4,29.1,,,,,,28.4908,68.061,61.364
KIR,2007,21329553.9434941,,,132671742.950381,,,,,,,,,,,,,,,,,,,,,,,,,,,,,,27.238,68.442,61.482
KIR,2008,20747543.5172219,,120609000.0,141042610.300285,,,,,,,,,,,,,,,,,,,,,,,,,,,,,,26.0172,68.838,61.613
KIR,2009,19816255.7631215,,116731000.0,132419902.010457,,,,,,,,,,,,,,,,,,,,,,,,,,,,,,24.7964,69.245,61.765
KIR,2010,19137383.4643447,,107203000.0,156120439.254831,,,,,,,,,,,,,,,,,,,,,,,,,,,,,,23.5756,69.654,61.945
KIR,2011,25804929.6183613,,120451000.0,181705153.610056,,,,,,,,,,,,,,,,,,,,,,,,,,,,,,22.3548,70.052,62.155
KIR,2012,26425541.9183993,,135786000.0,190243432.813514,,,,,,,,,,,,,,,,,,,,,,,,,,,,,,21.134,70.429,62.39
KIR,2013,22318228.9490367,,148933000.0,185114059.61905,,,,,,,,,,,,,,,,,,,,,,,,,,,,,,20.1426,70.777,62.645
KIR,2014,24132328.148915,,165852000.0,179703165.412383,,,,,,,,,,,,,,,,,,,,,,,,,,,,,,19.1512,71.094,62.914
KIR,2015,26739968.7524851,,197002000.0,171117816.66613,,,,,,,,,,,,,,,,,,,,,,,,,,,,,,18.1598,71.379,63.191
KIR,2016,34332567.8374651,,207742000.0,178328984.096884,,,,,,,,,,,,,,,,,,,,,,,,,,,,,,17.1684,71.638,63.468
KIR,2017,29442474.7038962,,199912000.0,187276124.790591,,,,,,,,,,,,,,,,,,,,,,,,,,,,,,16.177,71.88,63.74
KIR,2018,19150922.8250374,,183077000.0,200157020.642498,,,,,,,,,,,,,,,,,,,,,,,,,,,,,,15.4046,72.113,64.001
KOR,2000,202080000000.0,,231804900000000.0,576178114168.494,,,,,,,,,,,,,,,,,,,,,,,,,,,,,,2.4844,79.7,72.3
KOR,2001,177196200000.0,,223779400000000.0,547658231279.87,,,,,,,,,,,,,,,,,,,,,,,,,,,,,,2.3372,80.1,72.9
KOR,2002,191979100000.0,,257102800000000.0,627246081417.004,,,,,,,,,,,,,,,,,,,,,,,,,,,,,,2.19,80.3,73.4
KOR,2003,230672300000.0,,284045300000000.0,702717332012.991,,,,,,,,,,,,,,,,,,,,,,,,,,,,,,2.1518,80.8,73.8
KOR,2004,301338300000.0,,318369900000000.0,793175007858.066,,,,,,,,,,,,,,,,,,,,,,,,,,,,,,2.1136,81.2,74.3
KOR,2005,335799700000.0,,343052100000000.0,934901071332.984,,,,,,,,,,,,,,,,,,,,,,,,,,,,,,2.0754,81.6,74.9
KOR,2006,386122900000.0,,385837200000000.0,1053216909887.56,12.9,17.4,23.1,39.2,24.0,13.0,2.7,7.3,0.2,0.2,31.7,0.5,0.3,,,,,,,,,,1.2,0.5,,,,,,2.0372,82.1,75.4
KOR,2007,454215800000.0,,429757600000000.0,1172614086539.86,,,,,,,,,,,,,,,,,,,,,,,,,,,,,,1.999,82.5,75.9
KOR,2008,523955000000.0,,443780800000000.0,1047339010225.25,12.8,17.2,23.0,39.7,24.4,13.0,2.6,7.2,0.2,0.2,32.3,0.5,0.3,,,,,,,,,,1.2,0.5,,,,,,1.9524,83.0,76.2
KOR,2009,436472400000.0,,413126100000000.0,943941876218.743,,,,,,,,,,,,,,,,,,,,,,,,,,,,,,1.9058,83.4,76.7
KOR,2010,546783400000.0,,485463500000000.0,1144066965324.49,12.9,17.3,23.1,39.5,24.2,12.5,2.6,7.3,0.5,0.2,32.0,0.7,0.3,,,,,,,,,,1.5,0.6,,,,,,1.8592,83.6,76.8
KOR,2011,677772700000.0,,555914100000000.0,1253223044718.99,,,,,,,,,,,,,,,,,,,,,,,,,,,,,,1.8126,84.0,77.3
KOR,2012,706799100000.0,,570187700000000.0,1278427634342.59,13.0,17.5,23.2,39.0,23.8,13.0,2.6,7.3,0.2,0.1,31.6,0.5,0.2,,,,,,,,,,1.2,0.5,19.9,,39.22,,,1.766,84.2,77.6
KOR,2013,721717500000.0,,579538300000000.0,1370795199976.18,,,,,,,,,,,,,,,,,,,,,,,,,,,,,,1.6886,84.6,78.1
KOR,2014,725298800000.0,,586858900000000.0,1484318219633.63,13.1,17.4,23.1,38.9,23.6,12.5,2.8,7.5,0.2,0.1,31.2,0.5,0.2,,,,,,,,,,1.0,0.4,,,,,,1.6112,85.0,78.6
KOR,2015,640581100000.0,,599257200000000.0,1465773245547.15,,,,,,,,,,,,,,,,,,,,,,,,,,,,,,1.5338,85.2,79.0
KOR,2016,606735200000.0,,630266600000000.0,1500111596236.37,13.0,17.4,23.0,39.1,24.0,12.2,2.8,7.5,0.2,0.0,31.4,0.2,0.1,,,,,,,,,,0.7,0.3,21.98,2.52,42.88,2.25,,1.4564,85.4,79.3
KOR,2017,670011500000.0,,686089200000000.0,1623901496835.79,,,,,,,,,,,,,,,,,,,,,,,,,,,,,,1.379,85.7,79.7
KOR,2018,729944000000.0,,697841100000000.0,1724845615629.26,,,,,,,,,,,,,,,,,,,,,,,,,,,,,,1.3204,85.7,79.7
LAO,2000,505960000.0,,9753897788300.0,1731198022.45494,,,,,,,,,,,,,,,,,,,,,,,,,,,,,,82.354,60.615,57.001
LAO,2001,485587404.249565,,10474515756900.0,1768619058.34647,,,,,,,,,,,,,,,,,,,,,,,,,,,,,,79.81,61.195,57.557
LAO,2002,476797398.020848,,10255074651800.0,1758176653.07746,12.4,16.1,21.3,41.7,27.1,6.5,3.7,8.6,32.1,7.5,32.6,70.9,26.4,,,,,,,,,,91.9,50.5,,,,,,77.266,61.769,58.111
LAO,2003,462873538.614527,,10534525436000.0,2023324407.30316,,,,,,,,,,,,,,,,,,,,,,,,,,,,,,76.2206,62.34,58.668
LAO,2004,542114463.828165,,13814133894800.0,2366398119.8821,,,,,,,,,,,,,,,,,,,,,,,,,,,,,,75.1752,62.905,59.226
LAO,2005,757313920.835732,79.3000030517578,16056305967200.0,2735558726.25625,,,,,,,,,,,,,,,,,,,,,,,,,,,,,,74.1298,63.465,59.785
LAO,2006,1105460806.14077,,19016446535300.0,3455031447.60194,,,,,,,,,,,,,,,,,,,,,,,,,,,,,18.6,73.0844,64.018,60.341
LAO,2007,1200833604.98474,,22017812292000.0,4223152219.2439,11.8,15.4,20.9,43.9,29.2,7.4,3.3,8.0,25.7,5.9,35.4,64.1,22.6,,,,,,,,,,88.2,46.1,,,,,,72.039,64.562,60.893
LAO,2008,1493533872.52858,,26828924455900.0,5446434031.69042,,,,,,,,,,,,,,,,,,,,,,,,,,,,,,71.1644,65.095,61.435
LAO,2009,1449937961.89767,,29363452949300.0,5836138127.06562,,,,,,,,,,,,,,,,,,,,,,,,,,,,,,70.2898,65.613,61.963
LAO,2010,2257398891.17722,,32076929636300.0,7131773632.71369,,,,,,,,,,,,,,,,,,,,,,,,,,,,,8.6,69.4152,66.115,62.477
LAO,2011,2403621115.9553,,37562084604100.0,8750107401.57872,,,,,,,,,,,,,,,,,,,,,,,,,,,,,,68.5406,66.598,62.973
LAO,2012,2837105676.17213,,49217599456800.0,10192848926.2582,11.6,15.5,21.3,44.1,29.0,9.7,3.2,7.6,14.5,3.0,36.0,46.6,14.3,,,,,,,,,,78.7,35.8,2.08,,4.36,,,67.666,67.061,63.452
LAO,2013,3047026523.12695,,55806359496100.0,11983252611.2727,,,,,,,,,,,,,,,,,,,,,,,,,,,,,,67.2148,67.505,63.912
LAO,2014,4040904950.9353,31.3999996185303,57197612038300.0,13279248478.8161,,,,,,,,,,,,,,,,,,,,,,,,,,,,,,66.7636,67.929,64.351
LAO,2015,4497378079.26,,59512971373600.0,14426381187.0894,,,,,,,,,,,,,,,,,,,,,,,,,,,,,,66.3124,68.331,64.765
LAO,2016,5079637263.2825,20.7999992370605,62222001830600.0,15912495368.8717,,,,,,,,,,,,,,,,,,,,,,,,,,,,,,65.8612,68.712,65.15
LAO,2017,5653716801.31958,,,17071162084.4067,,,,,,,,,,,,,,,,,,,,,,,,,,,,,,65.41,69.074,65.508
LAO,2018,6393172198.46109,21.1000003814697,,18141651381.3884,10.8,14.7,21.0,46.4,31.3,10.3,3.0,7.0,10.0,1.8,38.8,37.4,10.8,,,,,,,,,18.3,70.4,29.9,2.34,1.91,5.25,3.07,,64.939,69.417,65.838
LKA,2000,6378261513.3273,,1167823220200.0,16330814179.9766,,,,,,,,,,,,,,,,,,,,,,,,,,,,,,28.4064,75.122,67.872
LKA,2001,6172340000.0,,1056554012700.0,15749753804.8344,,,,,,,,,,,,,,,,,,,,,,,,,,,,,,28.1552,76.014,68.769
LKA,2002,5967450000.0,,1175071746700.0,16536535647.0834,10.5,14.2,20.4,48.0,32.7,9.4,3.0,7.0,8.8,1.5,40.2,37.8,10.3,,,,,,,,,22.7,70.1,29.5,,,,,,27.904,76.846,69.624
LKA,2003,6543890000.0,,1307231685100.0,18881765437.2151,,,,,,,,,,,,,,,,,,,,,,,,,,,,,,26.781,77.534,70.343
LKA,2004,7283840000.0,,1425025658900.0,20662525941.2985,,,,,,,,,,,,,,,,,,,,,,,,,,,,,,25.658,78.041,70.886
LKA,2005,7886856760.0,,1463332585800.0,24405791044.7761,,,,,,,,,,,,,,,,,,,,,,,,,,,,,,24.535,78.365,71.247
LKA,2006,8507509000.0,,1564846289000.0,28279814924.5918,10.7,14.4,20.5,47.4,32.3,9.2,3.0,7.0,4.4,0.7,39.7,25.7,6.1,,,,,,,,,15.2,61.0,22.5,,,,,,23.412,78.538,71.457
LKA,2007,9414900000.0,,1623265566400.0,32350248410.8216,,,,,,,,,,,,,,,,,,,,,,,,,,,,,,22.289,78.635,71.591
LKA,2008,10113000000.0,,1688388382600.0,40713812309.7316,,,,,,,,,,,,,,,,,,,,,,,,,,,,,,22.2006,78.719,71.711
LKA,2009,8976900000.0,,1526541096000.0,42066217871.5349,11.6,15.3,21.0,44.4,29.6,7.8,3.3,7.8,2.8,0.5,36.1,19.9,4.3,,,,,,,,,8.9,57.9,19.3,,,,,10.7,22.1122,78.813,71.842
LKA,2010,11100010000.0,,1719605094800.0,56725749221.9043,,,,,,,,,,,,,,,,,,,,,,,,,,,,,,22.0238,78.933,71.995
LKA,2011,13642700000.0,,2125431897200.0,65292753005.4665,,,,,,,,,,,,,,,,,,,,,,,,,,,,,,21.9354,79.079,72.172
LKA,2012,13573442598.8333,,2135749527700.0,68434409315.1123,11.0,14.6,20.5,46.6,31.9,9.1,3.0,7.3,1.9,0.3,38.7,16.2,3.4,,,,,,,,,6.7,51.7,16.5,3.36,,7.38,,,21.847,79.235,72.356
LKA,2013,15079332737.9697,,2103077030900.0,74317806538.3632,,,,,,,,,,,,,,,,,,,,,,,,,,,,,,21.6628,79.389,72.536
LKA,2014,16735027041.0809,,2304270827000.0,79356449840.5771,,,,,,,,,,,,,,,,,,,,,,,,,,,,,,21.4786,79.54,72.713
LKA,2015,16943161923.9021,,2548454750500.0,80604080688.5775,,,,,,,,,,,,,,,,,,,,,,,,,,,,,,21.2944,79.689,72.887
LKA,2016,17447855576.3542,,2749648546600.0,82401038709.5356,10.8,14.6,20.3,47.2,32.6,9.7,3.0,7.1,0.9,0.1,39.3,11.0,2.1,2.37,2.63238,,2.47342,2.97,37.51,2.26367,0.0089,4.1,42.0,12.3,3.81,3.65,8.5,4.12,,21.1102,79.835,73.062
LKA,2017,19084181007.2571,,2945752311600.0,87428128123.7209,,,,,,,,,,,,,,,,,,,,,,,,,,,,,,20.926,79.979,73.238
LKA,2018,20263792551.2938,,2997546817100.0,87963042340.8379,,,,,,,,,,,,,,,,,,,,,,,,,,,,,,20.6904,80.121,73.415
MAC,2000,,,40061000000.0,6774193548.3871,,,,,,,,,,,,,,,,,,,,,,,,,,,,,,5.1294,82.908,77.77
MAC,2001,,,41930000000.0,6860272608.45211,,,,,,,,,,,,,,,,,,,,,,,,,,,,,,4.7032,83.193,77.96
MAC,2002,6875105972.22144,,46735000000.0,7371723056.2402,,,,,,,,,,,,,,,,,,,,,,,,,,,,,,4.277,83.467,78.134
MAC,2003,7657751919.75143,,51652000000.0,8246521717.44876,,,,,,,,,,,,,,,,,,,,,,,,,,,,,,4.0908,83.734,78.302
MAC,2004,10086711384.4521,,60856000000.0,10643215078.1581,,,,,,,,,,,,,,,,,,,,,,,,,,,,,,3.9046,83.995,78.472
MAC,2005,10261437459.0356,,64820000000.0,12160002995.8433,,,,,,,,,,,,,,,,,,,,,,,,,,,,,,3.7184,84.253,78.649
MAC,2006,11682859867.9666,,74428000000.0,14874147024.2708,,,,,,,,,,,,,,,,,,,,,,,,,,,,,,3.5322,84.514,78.84
MAC,2007,14545875052.8785,,92668000000.0,18439876056.1978,,,,,,,,,,,,,,,,,,,,,,,,,,,,,,3.346,84.778,79.045
MAC,2008,16757424188.9307,,89038000000.0,21027044550.5667,,,,,,,,,,,,,,,,,,,,,,,,,,,,,,3.318,85.045,79.261
MAC,2009,16948588122.1849,,69603000000.0,21587740941.5979,,,,,,,,,,,,,,,,,,,,,,,,,,,,,,3.29,85.312,79.487
MAC,2010,24689832972.0082,,81226000000.0,28241858488.9155,,,,,,,,,,,,,,,,,,,,,,,,,,,,,,3.262,85.574,79.716
MAC,2011,33286266594.0902,,99087000000.0,36845925519.4433,,,,,,,,,,,,,,,,,,,,,,,,,,,,,,3.234,85.825,79.944
MAC,2012,39204378547.1127,,113245000000.0,43189526777.5567,,,,,,,,,,,,,,,,,,,,,,,,,,,,,,3.206,86.059,80.161
MAC,2013,46720845878.5365,,126815000000.0,51536304807.6803,,,,,,,,,,,,,,,,,,,,,,,,,,,,,,3.041,86.271,80.364
MAC,2014,47019555754.9653,,146009000000.0,54903031137.7096,,,,,,,,,,,,,,,,,,,,,,,,,,,,,,2.876,86.461,80.55
MAC,2015,35363498290.8404,,146343000000.0,45047964934.2517,,,,,,,,,,,,,,,,,,,,,,,,,,,,,,2.711,86.631,80.718
MAC,2016,34540327745.3874,,130950000000.0,45070605746.0194,,,,,,,,,,,,,,,,,,,,,,,,,,,,,,2.546,86.781,80.871
MAC,2017,40573391739.2809,,141178000000.0,50440941938.6992,,,,,,,,,,,,,,,,,,,,,,,,,,,,,,2.381,86.92,81.013
MAC,2018,45622279511.0016,,148121000000.0,55284360483.1217,,,,,,,,,,,,,,,,,,,,,,,,,,,,,,2.3036,87.051,81.149
MDV,2000,457154968.743324,,,624337145.284622,,,,,,,,,,,,,,,,,,,,,,,,,,,,,,31.0428,71.356,69.229
MDV,2001,464263807.312152,,,870030468.628748,,,,,,,,,,,,,,,,,,,,,,,,,,,,,,26.5614,72.176,69.99
MDV,2002,495339414.073533,,,897031250.0,10.7,14.4,19.4,48.7,34.8,10.0,2.7,6.8,4.6,1.0,41.3,19.6,5.2,,,,,,,,,,57.2,19.6,,,,,,22.08,72.943,70.712
MDV,2003,583919341.719346,,,1052121054.6875,,,,,,,,,,,,,,,,,,,,,,,,,,,,,,20.731,73.65,71.387
MDV,2004,688630373.968541,,,1226829562.5,,,,,,,,,,,,,,,,,,,,,,,,,,,,,,19.382,74.3,72.008
MDV,2005,484516360.754315,,,1163362437.5,,,,,,,,,,,,,,,,,,,,,,,,,,,,,,18.033,74.894,72.571
MDV,2006,777115027.70196,,,1575200390.625,,,,,,,,,,,,,,,,,,,,,,,,,,,,,,16.684,75.442,73.077
MDV,2007,1803881344.09066,,,1868383460.9375,,,,,,,,,,,,,,,,,,,,,,,,,,,,,,15.335,75.955,73.536
MDV,2008,1969750759.02106,,,2271646187.5,,,,,,,,,,,,,,,,,,,,,,,,,,,,,,14.4272,76.444,73.957
MDV,2009,1712197739.8008,,,2345294875.0,11.0,15.7,21.9,45.0,29.9,14.7,2.5,6.4,3.5,0.7,38.4,16.6,4.4,,,,,,,,,,42.7,15.1,,,,,,13.5194,76.916,74.348
MDV,2010,2007435763.05067,,,2588176054.6875,,,,,,,,,,,,,,,,,,,,,,,,,,,,,,12.6116,77.377,74.713
MDV,2011,2444770947.48524,,,2774351760.03287,,,,,,,,,,,,,,,,,,,,,,,,,,,,,,11.7038,77.828,75.059
MDV,2012,2485947777.59969,,,2886170571.69634,,,,,,,,,,,,,,,,,,,,,,,,,,,,,,10.796,78.268,75.388
MDV,2013,2907893890.20851,,,3295011381.75405,,,,,,,,,,,,,,,,,,,,,,,,,,,,,,10.1988,78.692,75.706
MDV,2014,3299197715.75911,,42471000000.0,3697351596.83753,,,,,,,,,,,,,,,,,,,,,,,,,,,,,,9.6016,79.101,76.016
MDV,2015,3145104894.24385,,42906452100.0,4109424799.72407,,,,,,,,,,,,,,,,,,,,,,,,,,,,,,9.0044,79.49,76.323
MDV,2016,3147553740.5414,32.0999984741211,47053905100.0,4379136461.83077,12.9,16.9,22.1,39.8,25.2,9.7,3.4,8.3,0.0,0.0,31.3,0.2,0.0,28.4,33.9,0.176,,,51.1,,0.145,8.2,3.6,0.6,,,,,,8.4072,79.854,76.629
MDV,2017,3319072397.3111,,50922440400.0,4754175869.24027,,,,,,,,,,,,,,,,,,,,,,,,,,,,,,7.81,80.191,76.931
MDV,2018,3584303216.62412,30.1000003814697,57444324600.0,5300962659.51088,,,,,,,,,,,,,,,,,,,,,,,,,,,,,,7.4138,80.499,77.229
MHL,2000,,,,115347500.0,,,,,,,,,,,,,,,,,,,,,,,,,,,,,,,67.8,62.8
MHL,2001,,,,122824000.0,,,,,,,,,,,,,,,,,,,,,,,,,,,,,,,,
MHL,2002,,,,131738200.0,,,,,,,,,,,,,,,,,,,,,,,,,,,,,,,,
MHL,2003,,,,131398500.0,,,,,,,,,,,,,,,,,,,,,,,,,,,,,,,,
MHL,2004,,,141670700.0,132440200.0,,,,,,,,,,,,,,,,,,,,,,,,,,,,,,,,
MHL,2005,33288668.4978078,,145196600.0,136559500.0,,,,,,,,,,,,,,,,,,,,,,,,,,,,,,,,
MHL,2006,27656197.44543,,133620500.0,141515800.0,,,,,,,,,,,,,,,,,,,,,,,,,,,,,,,,
MHL,2007,27729284.094063,,139464700.0,148346700.0,,,,,,,,,,,,,,,,,,,,,,,,,,,,,,,,
MHL,2008,29760576.8260296,,151541900.0,151898900.0,,,,,,,,,,,,,,,,,,,,,,,,,,,,,,,,
MHL,2009,30934195.9268038,,158743200.0,149769600.0,,,,,,,,,,,,,,,,,,,,,,,,,,,,,,,,
MHL,2010,54962693.6523804,,173745100.0,160407100.0,,,,,,,,,,,,,,,,,,,,,,,,,,,,,,,,
MHL,2011,77228669.5168178,,161037700.0,172188500.0,,,,,,,,,,,,,,,,,,,,,,,,,,,,,,,,
MHL,2012,116703124.033821,,162022400.0,180436300.0,,,,,,,,,,,,,,,,,,,,,,,,,,,,,,,,
MHL,2013,112784626.532615,,181790600.0,184840400.0,,,,,,,,,,,,,,,,,,,,,,,,,,,,,,,,
MHL,2014,88726850.396095,,170133900.0,182142800.0,,,,,,,,,,,,,,,,,,,,,,,,,,,,,,,,
MHL,2015,47175688.8371602,,168548700.0,183814300.0,,,,,,,,,,,,,,,,,,,,,,,,,,,,,,,,
MHL,2016,46081871.4811202,,169395800.0,201510900.0,,,,,,,,,,,,,,,,,,,,,,,,,,,,,,,,
MHL,2017,96826734.1218955,,188009400.0,213204100.0,,,,,,,,,,,,,,,,,,,,,,,,,,,,,,,,
MHL,2018,128903650.689713,,192879000.0,221588900.0,,,,,,,,,,,,,,,,,,,,,,,,,,,,,,,,
MMR,2000,2109741992.18745,,,370265563525.877,,,,,,,,,,,,,,,,,,,,,,,,,,,,,,37.878,63.11,57.044
MMR,2001,2470759078.67014,,,453485739700.801,,,,,,,,,,,,,,,,,,,,,,,,,,,,,,37.483,63.411,57.362
MMR,2002,2422400666.45073,,,682950076307.463,,,,,,,,,,,,,,,,,,,,,,,,,,,,,,37.088,63.727,57.656
MMR,2003,2609394591.25432,,,1064512391644.48,,,,,,,,,,,,,,,,,,,,,,,,,,,,,,36.2962,64.061,57.926
MMR,2004,2920281746.97244,,,1430455030916.25,,,,,,,,,,,,,,,,,,,,,,,,,,,,,,35.5044,64.414,58.18
MMR,2005,3783093111.50074,45.5999984741211,,1859638259240.5,,,,,,,,,,,,,,,,,,,,,,48.2,,,,,,,,34.7126,64.79,58.43
MMR,2006,4535321861.41933,,,2470134941297.48,,,,,,,,,,,,,,,,,,,,,,,,,,,,,,33.9208,65.189,58.693
MMR,2007,5737336232.48762,,,3529710372326.38,,,,,,,,,,,,,,,,,,,,,,,,,,,,,,33.129,65.609,58.984
MMR,2008,6262076519.65794,,,4884300503549.94,,,,,,,,,,,,,,,,,,,,,,,,,,,,,,32.4684,66.044,59.313
MMR,2009,6252640446.19297,,,5584240602235.38,,,,,,,,,,,,,,,,,,,,,,,,,,,,,,31.8078,66.486,59.684
MMR,2010,7703969922.90472,,,6572498226863.35,,,,,,,,,,,,,,,,,,,,,,42.2,,,,,,,,31.1472,66.931,60.102
MMR,2011,8457499472.53735,,10461372505857.5,7899425952188.79,,,,,,,,,,,,,,,,,,,,,,,,,,,,,,30.4866,67.372,60.566
MMR,2012,9451615664.72613,,-62044892057.8587,113590973920.203,,,,,,,,,,,,,,,,,,,,,,,,,,,,,,29.826,67.803,61.062
MMR,2013,12149576073.7374,,196760339095.97,60572254371.4731,,,,,,,,,,,,,,,,,,,,,,,,,,,,,,29.5626,68.217,61.572
MMR,2014,13140684868.4483,41.0,13963182068992.4,63264891867.054,,,,,,,,,,,,,,,,,,,,,,,,,,,,,,29.2992,68.609,62.082
MMR,2015,13706078184.7481,,18834029577345.9,63045306513.9323,11.3,15.0,20.6,45.7,31.7,9.0,3.0,7.3,4.8,1.1,38.1,24.6,6.1,,,,,,,,,32.1,62.1,22.5,,,,,,29.0358,68.973,62.572
MMR,2016,13016827707.1256,56.5999984741211,22962260100000.0,60291738934.7783,,,,,,,,,,,,,,,,,,,,,,,,,,,,,,28.7724,69.303,63.021
MMR,2017,13628671745.2011,,25267412700000.0,61449391917.1299,13.0,16.6,21.6,40.0,25.5,6.7,3.8,8.9,1.4,0.2,30.7,15.0,2.9,,,,,,,,,24.8,54.3,16.2,,,,,,28.509,69.603,63.419
MMR,2018,15727812061.8076,56.0999984741211,24703769200000.0,67144726167.9303,,,,,,,,,,,,,,,,,,,,,,,,,,,,,,28.2066,69.874,63.761
MNG,2000,613341772.947819,64.9000015258789,,1136896123.61298,,,,,,,,,,,,,,,,,,,,,,,,,,,,,22.02146,25.5016,65.882,60.09
MNG,2001,636700831.334458,,,1267997934.3125,,,,,,,,,,,,,,,,,,,,,,,,,,,,,,23.5248,66.561,60.354
MNG,2002,708483759.615666,,,1396555719.97409,12.2,16.8,23.1,40.5,24.6,12.4,3.0,7.5,9.5,2.1,32.9,33.2,9.6,,,,,,,,,,67.4,27.2,,,,,,21.548,67.249,60.622
MNG,2003,835220336.74,,,1595297355.78349,,,,,,,,,,,,,,,,,,,,,,,,,,,,,,21.0794,67.907,60.9
MNG,2004,1210291513.23,,,1992066808.09598,,,,,,,,,,,,,,,,,,,,,,,,,,,,,,20.6108,68.518,61.191
MNG,2005,1480542569.84905,57.9000015258789,,2523471532.01083,,,,,,,,,,,,,,,,,,,,,,,,,,,,,12.4,20.1422,69.079,61.504
MNG,2006,2029686290.49263,,,3414055566.1138,,,,,,,,,,,,,,,,,,,,,,,,,,,,,,19.6736,69.601,61.849
MNG,2007,2524473193.42078,,,4234999823.30839,11.4,15.8,22.2,43.4,27.8,12.1,3.0,7.3,1.2,0.2,35.8,11.4,2.3,,,,,,,,,,40.2,12.1,,,,,10.1,19.205,70.108,62.227
MNG,2008,3027961735.62949,,,5623216448.86852,,,,,,,,,,,,,,,,,,,,,,,,,,,,,,20.6802,70.612,62.633
MNG,2009,2298465176.23772,,,4583850367.88972,,,,,,,,,,,,,,,,,,,,,,,,,,,,,,22.1554,71.112,63.059
MNG,2010,3393687996.28894,,5928404649046.7,7189481824.07288,12.1,16.5,22.5,41.1,25.7,10.7,3.2,7.8,0.7,0.1,33.1,9.6,1.8,,,,,,,,,38.8,37.4,10.7,,,,,,23.6306,71.597,63.486
MNG,2011,4576938389.37679,,8865205975355.37,10409797649.3063,12.0,16.1,22.2,42.0,26.6,9.7,3.2,7.8,0.5,0.1,33.9,6.6,1.2,,,,,,,,,33.7,31.9,8.5,4.4,,8.92,,,25.1058,72.051,63.895
MNG,2012,4451983015.63196,,10232637020703.3,12292770631.1967,12.0,16.3,22.4,41.7,26.2,11.1,3.1,7.6,0.4,0.1,33.8,4.1,0.7,,,,,,,,,27.4,23.5,5.8,,,,,16.0,26.581,72.46,64.269
MNG,2013,4478132777.64294,,11006046672452.2,12582122604.1921,,,,,,,,,,,,,,,,,,,,,,,,,,,,,14.699067382827,27.4634,72.816,64.596
MNG,2014,6077853793.77852,42.7000007629395,11755441462639.3,12226514722.0861,12.6,16.7,22.3,40.3,25.5,9.8,3.3,8.1,0.2,0.0,32.0,3.0,0.5,,,,,,,,,21.6,18.2,4.3,,,,,,28.3458,73.119,64.873
MNG,2015,5135249417.40351,,10410168323700.0,11619892396.0767,,,,,,,,,,,,,,,,,,,,,,,,,,,,,,29.2282,73.373,65.103
MNG,2016,5604859840.83562,38.2999992370605,12236675525500.0,11181350461.4723,12.4,16.6,22.4,40.6,25.6,10.2,3.3,8.0,0.5,0.1,32.3,6.2,1.1,,,,,,,,,29.6,29.9,7.8,,,,,,30.1106,73.588,65.294
MNG,2017,6800649749.07547,,13645816619400.0,11480847745.3187,,,,,,,,,,,,,,,,,,,,,,,,,,,,,,30.993,73.779,65.465
MNG,2018,7713996346.58459,38.2999992370605,18108585362700.0,13178094459.4548,12.3,16.5,22.5,40.9,25.7,9.9,3.3,7.9,0.5,0.1,32.7,5.0,0.9,,,,,,,,,28.4,27.1,6.8,4.76,1.11,9.42,0.77,,31.4384,73.961,65.631
MNP,2000,,,,,,,,,,,,,,,,,,,,,,,,,,,,,,,,,,,,
MNP,2001,,,,,,,,,,,,,,,,,,,,,,,,,,,,,,,,,,,,
MNP,2002,,,1246000000.0,1284000000.0,,,,,,,,,,,,,,,,,,,,,,,,,,,,,,,,
MNP,2003,,,1198000000.0,1239000000.0,,,,,,,,,,,,,,,,,,,,,,,,,,,,,,,,
MNP,2004,,,1372000000.0,1210000000.0,,,,,,,,,,,,,,,,,,,,,,,,,,,,,,,,
MNP,2005,,,1170000000.0,1061000000.0,,,,,,,,,,,,,,,,,,,,,,,,,,,,,,,,
MNP,2006,,,1010000000.0,990000000.0,,,,,,,,,,,,,,,,,,,,,,,,,,,,,,,,
MNP,2007,,,746000000.0,938000000.0,,,,,,,,,,,,,,,,,,,,,,,,,,,,,,,,
MNP,2008,,,532000000.0,939000000.0,,,,,,,,,,,,,,,,,,,,,,,,,,,,,,,,
MNP,2009,,,447000000.0,795000000.0,,,,,,,,,,,,,,,,,,,,,,,,,,,,,,,,
MNP,2010,,,467000000.0,799000000.0,,,,,,,,,,,,,,,,,,,,,,,,,,,,,,,,
MNP,2011,,,456000000.0,729000000.0,,,,,,,,,,,,,,,,,,,,,,,,,,,,,,,,
MNP,2012,,,478000000.0,746000000.0,,,,,,,,,,,,,,,,,,,,,,,,,,,,,,,,
MNP,2013,,,523000000.0,772000000.0,,,,,,,,,,,,,,,,,,,,,,,,,,,,,,,,
MNP,2014,,,556000000.0,832000000.0,,,,,,,,,,,,,,,,,,,,,,,,,,,,,,,,
MNP,2015,,,701000000.0,910000000.0,,,,,,,,,,,,,,,,,,,,,,,,,,,,,,,,
MNP,2016,,,1124000000.0,1230000000.0,,,,,,,,,,,,,,,,,,,,,,,,,,,,,,,,
MNP,2017,,,1067000000.0,1560000000.0,,,,,,,,,,,,,,,,,,,,,,,,,,,,,,,,
MNP,2018,,,801000000.0,1302000000.0,,,,,,,,,,,,,,,,,,,,,,,,,,,,,,,,
MYS,2000,112286421052.632,,397784712900.0,93789736842.1053,,,,,,,,,,,,,,,,,,,,,,,,,,,,,,13.7106,74.786,70.603
MYS,2001,102362894736.842,,365026990000.0,92783947368.4211,,,,,,,,,,,,,,,,,,,,,,,,,,,,,,13.3598,75.003,70.765
MYS,2002,108234289473.684,,387607351500.0,100845526315.789,,,,,,,,,,,,,,,,,,,,,,,,,,,,,,13.009,75.22,70.94
MYS,2003,118569842105.263,,405180580100.0,110202368421.053,8.7,13.6,21.4,51.7,35.1,20.0,1.8,4.6,1.2,0.2,46.4,6.9,1.7,,,,,,,,,,21.8,6.9,,,,,,12.9564,75.43,71.122
MYS,2004,143900465789.474,,484743292000.0,124749473684.211,,,,,,,,,,,,,,,,,,,,,,,,,,,,,,12.9038,75.632,71.311
MYS,2005,161352673617.096,,527937997300.0,143534102611.497,,,,,,,,,,,,,,,,,,,,,,,,,,,,,,12.8512,75.824,71.505
MYS,2006,182565806815.992,,571070846000.0,162691238209.476,9.1,13.9,21.6,50.3,33.8,19.0,1.9,5.0,0.6,0.1,44.8,3.8,0.9,,,,,,,,,,16.5,4.7,,,,,,12.7986,76.008,71.702
MYS,2007,205620995759.124,,605483371700.0,193547824063.3,,,,,,,,,,,,,,,,,,,,,,,,,,,,,,12.746,76.188,71.901
MYS,2008,229973830065.324,,619646918000.0,230813897715.69,8.9,13.8,21.8,50.8,34.2,20.1,1.8,4.8,0.6,0.1,45.5,4.3,0.9,,,,,,,,,,16.7,4.8,,,,,,12.8266,76.369,72.1
MYS,2009,186349502275.307,,540756907600.0,202257625195.063,,,,,,,,,,,,,,,,,,,,,,,,,,,,,,12.9072,76.549,72.299
MYS,2010,222011698915.434,,624696995400.0,255016609232.871,,,,,,,,,,,,,,,,,,,,,,,,,,,,,,12.9878,76.732,72.497
MYS,2011,254006731759.29,,664116912900.0,297951960784.314,9.3,14.1,21.8,49.6,33.2,18.5,2.0,5.2,0.1,0.0,43.9,1.2,0.2,,,,,,,,,,8.6,2.0,7.88,,21.76,,,13.0684,76.918,72.698
MYS,2012,249376200391.976,,683456339400.0,314443149443.149,,,,,,,,,,,,,,,,,,,,,,,,,,,,,,13.149,77.105,72.902
MYS,2013,244385450722.886,,695238407600.0,323277158906.979,10.1,14.7,21.7,47.7,31.8,15.9,2.3,5.8,0.0,0.0,41.3,0.4,0.1,,,,,,,,,,4.0,0.8,,,,,,13.202,77.293,73.109
MYS,2014,249538834188.691,,722971567200.0,338061963396.376,,,,,,,,,,,,,,,,,,1.1,,,0.0044,,,,,,,,,13.255,77.48,73.317
MYS,2015,209568171911.514,,728778243000.0,301354803994.367,10.1,14.8,22.0,47.3,31.3,16.4,2.3,5.8,0.0,0.0,41.1,0.3,0.0,,,,,,,,,7.6,2.9,0.6,10.98,7.01,27.57,4.97,,13.308,77.663,73.521
MYS,2016,201120552699.395,,739229999000.0,301255380276.258,,,,,,,,,,,,,,,,,,3.66,,,0.0152,,,,,,,,,13.361,77.84,73.718
MYS,2017,223701888947.356,,814570841000.0,319112136545.438,,,,,,,,,,,,,,,,,,,,,,,,,,,,,,13.414,78.008,73.903
MYS,2018,245885974787.62,,826693815000.0,358791603677.728,,,,,,,,,,,,,,,,,,,,,,5.6,,,,,,,,13.4668,78.167,74.075
NCL,2000,,,,3420032041.95867,,,,,,,,,,,,,,,,,,,,,,,,,,,,,,27.4558,78.8,71.7
NCL,2001,,,,3297734885.86956,,,,,,,,,,,,,,,,,,,,,,,,,,,,,,26.1074,77.7,72.1
NCL,2002,805387568.23539,,,3740056751.27996,,,,,,,,,,,,,,,,,,,,,,,,,,,,,,24.759,79.2,71.2
NCL,2003,1201055914.94516,,,4915353825.41377,,,,,,,,,,,,,,,,,,,,,,,,,,,,,,23.986,78.6,72.1
NCL,2004,1487582802.96348,,,5895008984.92881,,,,,,,,,,,,,,,,,,,,,,,,,,,,,,23.213,78.8,72.3
NCL,2005,1461156450.08205,,,6238629461.54527,,,,,,,,,,,,,,,,,,,,,,,,,,,,,,22.44,79.0,72.6
NCL,2006,1788007483.30753,,,6979155408.87349,,,,,,,,,,,,,,,,,,,,,,,,,,,,,,21.667,79.2,73.1
NCL,2007,2640689286.52718,,,8819917186.64951,,,,,,,,,,,,,,,,,,,,,,,,,,,,,,20.894,79.5,73.6
NCL,2008,1791868734.09565,,,9067619728.70031,,,,,,,,,,,,,,,,,,,,,,,,,,,,,,20.2538,79.6,73.9
NCL,2009,1454797243.06057,,,8704438060.51857,,,,,,,,,,,,,,,,,,,,,,,,,,,,,,19.6136,79.9,74.2
NCL,2010,1940456436.92578,,,9364350064.99003,,,,,,,,,,,,,,,,,,,,,,,,,,,,,,18.9734,80.2,74.5
NCL,2011,2296851344.4415,,,10351448025.3062,,,,,,,,,,,,,,,,,,,,,,,,,,,,,,18.3332,79.5,73.9
NCL,2012,1947883382.09372,,,9659151908.65882,,,,,,,,,,,,,,,,,,,,,,,,,,,,,,17.693,80.1,74.2
NCL,2013,1915925145.97845,,,10151382876.8157,,,,,,,,,,,,,,,,,,,,,,,,,,,,,,17.1204,80.2,74.3
NCL,2014,2211473914.56922,,,10635035550.0101,,,,,,,,,,,,,,,,,,,,,,,,,,,,,,16.5478,79.9,74.7
NCL,2015,1771207610.08172,,,8738203041.54819,,,,,,,,,,,,,,,,,,,,,,,,,,,,,,15.9752,80.2,74.5
NCL,2016,1875156824.27746,,,8724568970.67891,,,,,,,,,,,,,,,,,,,,,,,,,,,,,,15.4026,79.8,74.2
NCL,2017,,,,9173669999.5986,,,,,,,,,,,,,,,,,,,,,,,,,,,,,,14.83,80.1,75.1
NCL,2018,,,,9846920284.01006,,,,,,,,,,,,,,,,,,,,,,,,,,,,,,14.4552,80.2,74.8
NPL,2000,1282076584.06029,64.0,,5494252207.90502,,,,,,,,,,,,,,,,,,,,,,,,,,,,,,112.9564,63.344,61.166
NPL,2001,1133803368.45439,,276064832822.405,6007055042.17687,,,,,,,,,,,,,,,,,,,,,,,,,,,,,,108.9132,64.043,61.787
NPL,2002,937241874.527642,,234497228597.695,6050875806.66403,,,,,,,,,,,,,,,,,,,,,,,,,,,,,,104.87,64.71,62.38
NPL,2003,1075306896.62889,,234636102428.574,6330473096.54071,9.7,13.4,19.2,51.2,36.9,10.3,2.7,6.5,49.9,16.5,43.8,77.9,36.6,,,,,,,,,,90.9,57.3,,,,,,101.6756,65.347,62.944
NPL,2004,1233926955.26568,,254554810641.45,7273938314.71988,,,,,,,,,,,,,,,,,,,,,,,,,,,,,,98.4812,65.953,63.482
NPL,2005,1283227545.51339,60.7000007629395,272094476912.101,8130258041.46706,,,,,,,,,,,,,,,,,,,,,,,,,,,,,,95.2868,66.528,63.996
NPL,2006,1234474676.36712,,289664408144.487,9043715355.8881,,,,,,,,,,,,,,,,,,,,,,,,,,,,,,92.0924,67.075,64.488
NPL,2007,1436265163.97785,,298197061909.697,10325618017.379,,,,,,,,,,,,,,,,,,,,,,,,,,,,,,88.898,67.595,64.962
NPL,2008,1710236386.50278,,322624981176.676,12545438605.3959,,,,,,,,,,,,,,,,,,,,,,,,,,,,,40.6,86.3322,68.09,65.42
NPL,2009,1541846718.01965,,363380818142.513,12854985464.0764,,,,,,,,,,,,,,,,,,,,,,,,,,,,,,83.7664,68.563,65.863
NPL,2010,1571531637.07439,58.0999984741211,466064233283.942,16002656434.4746,12.1,16.2,21.9,41.5,26.4,7.2,3.5,8.3,15.0,3.0,32.8,50.8,15.8,,,,,,,,,25.2,83.0,38.5,,,,,,81.2006,69.013,66.29
NPL,2011,1862435134.7925,,444232227199.5,21621710002.5111,,,,,,,,,,,,,,39.1,,,,,47.5,,0.185725,,,,,,,,,78.6348,69.44,66.698
NPL,2012,1928584183.11895,,457745715770.134,21703106502.4926,,,,,,,,,,,,,,,,,,,,,,,,,,,,,,76.069,69.843,67.085
NPL,2013,2185437851.05596,,522447673167.753,22162208956.0893,,,,,,,,,,,,,,,,,,,,,,,,,,,,,,73.8794,70.225,67.449
NPL,2014,2410794720.49528,54.2999992370605,632207933839.022,22731602969.6861,,,,,,,,,,,,,,28.62,41.61,0.194,,,44.23,,0.127,,,,,,,,42.8274929134937,71.6898,70.586,67.792
NPL,2015,2243659157.03772,,692794838667.593,24360795410.1597,,,,,,,,,,,,,,,,,,,,,,,,,,,,,,69.5002,70.931,68.114
NPL,2016,2116582378.12133,51.0,714625564126.34,24524098184.4236,,,,,,,,,,,,,,,,,,,,,,,,,,,,,,67.3106,71.264,68.419
NPL,2017,2430457012.4652,,916469945511.445,28971589213.134,,,,,,,,,,,,,,,,,,,,,,,,,,,,,,65.121,71.586,68.71
NPL,2018,2677604304.74843,49.2999992370605,1090956372951.4,33111525182.7133,,,,,,,,,,,,,,,,,,,,,,,,,,,,,,64.399,71.9,68.989
PHL,2000,27461000000.0,47.2000007629395,2103300704594.52,83669693589.1547,8.5,12.7,20.0,53.7,37.7,16.5,2.1,5.1,13.7,3.1,47.7,37.9,12.4,,,,,,,,,,64.0,29.2,,,,,,51.948,72.281,65.499
PHL,2001,24421000000.0,,2284435048479.33,78921234457.233,,,,,,,,,,,,,,,,,,,,,,,,,,,,,13.25641,52.91,72.36,65.508
PHL,2002,27044000000.0,,2446473418789.33,84307291974.4733,,,,,,,,,,,,,,,,,,,,,,,,,,,,,,53.872,72.446,65.515
PHL,2003,29208000000.0,,2576348688961.51,87039145965.0093,8.8,13.1,20.4,52.6,36.6,16.5,2.1,5.2,13.0,3.1,46.6,36.0,11.9,,,,,,,,,24.9,62.9,28.3,,,,,,54.014,72.552,65.529
PHL,2004,32562000000.0,,2661238757321.47,95002028504.6908,,,,,,,,,,,,,,,,,,,,,,,,,,,,,,54.156,72.684,65.555
PHL,2005,33772649302.8357,43.7000007629395,2760434476433.61,107419961717.119,,,,,,,,,,,,,,,,,,,,,,,,,,,,,,54.298,72.85,65.597
PHL,2006,41798669343.7337,,2771278528750.55,127652859201.489,8.5,12.8,20.6,53.1,36.6,17.1,2.0,5.0,14.4,3.4,47.2,38.2,12.8,,,,,,,,,26.6,63.4,29.3,,,,,,54.44,73.049,65.653
PHL,2007,46304287825.8243,,2764455144044.99,155980378252.863,,,,,,,,,,,,,,,,,,,,,,,,,,,,,,54.582,73.275,65.718
PHL,2008,47733539814.3022,,2896640197680.19,181624577153.97,,,,,,,,,,,,,,,,,,,,,,,,,,,,,,55.1214,73.515,65.789
PHL,2009,43226996265.62,,2828650679910.31,175974711591.53,8.8,13.0,20.4,52.5,36.3,15.6,2.2,5.3,10.7,2.3,46.3,34.0,10.5,,,,,,,,,26.3,61.1,26.6,,,,,,55.6608,73.764,65.868
PHL,2010,54553954496.6018,40.9000015258789,3415512601245.09,208368726860.828,,,,,,,,,,,,,,,,,,,,,,,,,,,,,,56.2002,74.012,65.957
PHL,2011,57154673137.0323,,3383538303177.6,234216930369.373,,,,,,,,,,,,,,,,,,,,,,,,,,,,,9.0,56.7396,74.25,66.062
PHL,2012,66823490332.2648,,3612085816299.2,261920509949.785,8.7,13.0,20.5,52.7,36.3,16.1,2.1,5.2,10.4,2.3,46.5,33.3,10.2,,,,,,,,,25.2,59.9,26.0,,,,,,57.279,74.471,66.185
PHL,2013,67847557123.5658,,3865167912197.52,283902728259.788,,,,,,,,,,,,,,,,,,,,,,,,,,,,,,56.654,74.673,66.326
PHL,2014,75321793858.9656,38.2999992370605,4247751757117.21,297483247100.855,,,,,,,,,,,,,,,,,,,,,,,,,,,,,,56.029,74.851,66.48
PHL,2015,72262154549.0951,,4885294287394.44,306446140627.933,9.2,13.4,20.7,51.0,34.9,14.7,2.3,5.6,6.1,1.2,44.6,25.7,7.0,,,,,,,,,23.5,54.6,21.3,2.81,,7.57,,,55.404,75.007,66.644
PHL,2016,73938028404.7945,43.5,5804373191393.57,318626761492.305,,,,,,,,,,,,,,,,,,23.9,,,0.104,,,,,,,,,54.779,75.143,66.81
PHL,2017,86645909125.5701,,6683447485655.48,328480867143.204,,,,,,,,,,,,,,,,,,17.3,,,0.071,,,,,,,,,54.154,75.268,66.971
PHL,2018,90373832107.3556,42.9000015258789,7662209490849.46,346842094174.513,9.9,14.0,20.7,49.2,33.5,13.0,2.5,6.2,2.7,0.5,42.3,17.0,3.9,,,,,,,,,16.7,46.9,16.0,3.36,6.07,8.36,3.35,,54.7592,75.387,67.123
PLW,2000,,,,146297500.0,,,,,,,,,,,,,,,,,,,,,,,,,,,,,,,74.54,66.64
PLW,2001,,,,156907900.0,,,,,,,,,,,,,,,,,,,,,,,,,,,,,,,,
PLW,2002,,,,163184900.0,,,,,,,,,,,,,,,,,,,,,,,,,,,,,,,,
PLW,2003,,,,153963200.0,,,,,,,,,,,,,,,,,,,,,,,,,,,,,,,,
PLW,2004,,,,165186200.0,,,,,,,,,,,,,,,,,,,,,,,,,,,,,,,,
PLW,2005,82706511.5835573,,,190452900.0,,,,,,,,,,,,,,,,,,,,,,,,,,,,,,,72.1,66.3
PLW,2006,80161125.7329461,,,192382400.0,,,,,,,,,,,,,,,,,,,,,,24.9,,,,,,,,,,
PLW,2007,87692408.2244104,,,198897700.0,,,,,,,,,,,,,,,,,,,,,,,,,,,,,,,,
PLW,2008,99572358.3700727,,,198283900.0,,,,,,,,,,,,,,,,,,,,,,,,,,,,,,,,
PLW,2009,92533237.0218703,,,187522800.0,,,,,,,,,,,,,,,,,,,,,,,,,,,,,,,,
PLW,2010,95664135.1552014,,,185943000.0,,,,,,,,,,,,,,,,,,,,,,,,,,,,,,,,
PLW,2011,114735558.804791,,,196911100.0,,,,,,,,,,,,,,,,,,,,,,,,,,,,,,,,
PLW,2012,131632016.76452,,,212397800.0,,,,,,,,,,,,,,,,,,,,,,,,,,,,,,,,
PLW,2013,139228205.338899,,,221117200.0,,,,,,,,,,,,,,,,,,,,,,,,,,,,,,,,
PLW,2014,158330962.603801,,,241669800.0,,,,,,,,,,,,,,,,,,,,,,,,,,,,,,,,
PLW,2015,179042919.207478,,,280457700.0,,,,,,,,,,,,,,,,,,,,,,,,,,,,,,,,
PLW,2016,175557284.12083,,,298300000.0,,,,,,,,,,,,,,,,,,,,,,,,,,,,,,,,
PLW,2017,142588321.759909,,,285300000.0,,,,,,,,,,,,,,,,,,,,,,,,,,,,,,,,
PLW,2018,,,,284700000.0,,,,,,,,,,,,,,,,,,,,,,,,,,,,,,,,
PNG,2000,2336776217.4916,,4137067400.0,3521339699.07407,,,,,,,,,,,,,,,,,,,,,,,,,,,,,,67.6438,60.715,57.923
PNG,2001,2098045930.18603,,4479209900.0,3081024212.42924,,,,,,,,,,,,,,,,,,,,,,,,,,,,,,66.3234,60.91,58.166
PNG,2002,1820595604.31063,,5264057800.0,2999511040.19764,,,,,,,,,,,,,,,,,,,,,,,,,,,,,,65.003,61.124,58.417
PNG,2003,2438646178.33251,,4924766000.0,3536411824.2958,,,,,,,,,,,,,,,,,,,,,,,,,,,,,,64.2228,61.362,58.678
PNG,2004,2823925716.81828,,5349882000.0,3927157866.96465,,,,,,,,,,,,,,,,,,,,,,,,,,,,,,63.4426,61.628,58.952
PNG,2005,3621967956.02361,,,4865892972.27595,,,,,,,,,,,,,,,,,,,,,,,,,,,,,,62.6624,61.919,59.237
PNG,2006,4520319408.33578,,,8355006706.57899,,,,,,,,,,,,,,,,,,,,,,,,,,,,,,61.8822,62.228,59.53
PNG,2007,5109951126.59341,,,9545177014.1301,,,,,,,,,,,,,,,,,,,,,,,,,,,,,,61.102,62.542,59.825
PNG,2008,6170473766.59129,,,11670840931.8173,,,,,,,,,,,,,,,,,,,,,,,,,,,,,,60.1964,62.853,60.119
PNG,2009,4587049929.83737,,,11619637798.991,10.0,15.2,22.4,47.3,31.0,19.5,1.9,5.1,38.0,14.8,41.9,65.6,30.2,,,,,,,,,39.9,86.9,50.2,,,,,,59.2908,63.155,60.411
PNG,2010,6058331612.76157,,,14250755231.1257,,,,,,,,,,,,,,,,,,,,,,,,,,,,,,58.3852,63.446,60.702
PNG,2011,7339581578.99589,,,17984910501.8979,,,,,,,,,,,,,,,,,,,,,,,,,,,,,,57.4796,63.727,60.997
PNG,2012,6810473304.34668,,,21295659243.6168,,,,,,,,,,,,,,,,,,,,,,,,,,,,,,56.574,64.002,61.297
PNG,2013,6377756125.45317,,,21261432791.2675,,,,,,,,,,,,,,,,,,,,,,,,,,,,,,55.7902,64.274,61.603
PNG,2014,9086973756.32455,,,23210682538.3928,,,,,,,,,,,,,,,,,,,,,,,,,,,,,,55.0064,64.543,61.911
PNG,2015,8606066647.31019,,,21723531173.2409,,,,,,,,,,,,,,,,,,,,,,,,,,,,,,54.2226,64.809,62.215
PNG,2016,8317428848.01199,,,20759069103.0961,,,,,,,,,,,,,,,,,,,,,,,,,,,,,,53.4388,65.07,62.508
PNG,2017,10254287136.1932,,,22742613553.6879,,,,,,,,,,,,,,,,,,,,,,,,,,,,,,52.655,65.326,62.784
PNG,2018,10597058446.3569,,,24109509852.7402,,,,,,,,,,,,,,,,,,,,,,,,,,,,,,51.982,65.576,63.039
PRK,2000,,,,,,,,,,,,,,,,,,,,,,,,,,,,,,,,,,1.0744,68.967,61.182
PRK,2001,,,,,,,,,,,,,,,,,,,,,,,,,,,,,,,,,,1.0172,69.692,62.078
PRK,2002,,,,,,,,,,,,,,,,,,,,,,,,,,,,,,,,,,0.96,70.432,62.993
PRK,2003,,,,,,,,,,,,,,,,,,,,,,,,,,,,,,,,,,0.8928,71.038,63.757
PRK,2004,,,,,,,,,,,,,,,,,,,,,,,,,,,,,,,,,,0.8256,71.461,64.31
PRK,2005,,,,,,,,,,,,,,,,,,,,,,,,,,,,,,,,,,0.7584,71.708,64.653
PRK,2006,,,,,,,,,,,,,,,,,,,,,,,,,,,,,,,,,,0.6912,71.84,64.849
PRK,2007,,,,,,,,,,,,,,,,,,,,,,,,,,,,,,,,,,0.624,71.968,65.018
PRK,2008,,,,,,,,,,,,,,,,,,,,,,,,,,,,,,,,,,0.561,72.172,65.251
PRK,2009,,,,,,,,,,,,,,,,,,,,,,,,,,,,,,,,,,0.498,72.472,65.567
PRK,2010,,,,,,,,,,,,,,,,,,,,,,,,,,,,,,,,,,0.435,72.859,65.96
PRK,2011,,,,,,,,,,,,,,,,,,,,,,,,,,,,,,,,,,0.372,73.307,66.402
PRK,2012,,,,,,,,,,,,,,,,,,,,,,,,,,,,,,,,,,0.309,73.761,66.838
PRK,2013,,,,,,,,,,,,,,,,,,,,,,,,,,,,,,,,,,0.3038,74.18,67.229
PRK,2014,,,,,,,,,,,,,,,,,,,,,,,,,,,,,,,,,,0.2986,74.549,67.563
PRK,2015,,,,,,,,,,,,,,,,,,,,,,,,,,,,,,,,,,0.2934,74.861,67.838
PRK,2016,,,,,,,,,,,,,,,,,,,,,,,,,,,,,,,,,,0.2882,75.119,68.06
PRK,2017,,,,,,,,,,,,,,,,,,,,,,,,,,,,,,,,,,0.283,75.343,68.253
PRK,2018,,,,,,,,,,,,,,,,,,,,,,,,,,,,,,,,,,0.286,75.549,68.435
PYF,2000,,,,3447543203.02843,,,,,,,,,,,,,,,,,,,,,,,,,,,,,,47.4068,75.285,69.75
PYF,2001,,,,,,,,,,,,,,,,,,,,,,,,,,,,,,,,,,46.8134,75.628,70.108
PYF,2002,924815534.802062,,,,,,,,,,,,,,,,,,,,,,,,,,,,,,,,,46.22,75.94,70.498
PYF,2003,1097832635.50811,,,,,,,,,,,,,,,,,,,,,,,,,,,,,,,,,45.2724,76.238,70.913
PYF,2004,1200180119.7847,,,,,,,,,,,,,,,,,,,,,,,,,,,,,,,,,44.3248,76.524,71.343
PYF,2005,1277881075.11566,,,,,,,,,,,,,,,,,,,,,,,,,,,,,,,,,43.3772,76.802,71.774
PYF,2006,1226356124.24386,,,,,,,,,,,,,,,,,,,,,,,,,,,,,,,,,42.4296,77.07,72.186
PYF,2007,1379502008.94587,,,,,,,,,,,,,,,,,,,,,,,,,,,,,,,,,41.482,77.326,72.565
PYF,2008,1526152139.30863,,,,,,,,,,,,,,,,,,,,,,,,,,,,,,,,,41.4174,77.569,72.903
PYF,2009,1287883988.94729,,,,,,,,,,,,,,,,,,,,,,,,,,,,,,,,,41.3528,77.801,73.199
PYF,2010,1123595126.11685,,,,,,,,,,,,,,,,,,,,,,,,,,,,,,,,,41.2882,78.025,73.458
PYF,2011,1276574342.539,,,,,,,,,,,,,,,,,,,,,,,,,,,,,,,,,41.2236,78.246,73.694
PYF,2012,1134519616.25415,,,,,,,,,,,,,,,,,,,,,,,,,,,,,,,,,41.159,78.467,73.925
PYF,2013,1167674715.56918,,,,,,,,,,,,,,,,,,,,,,,,,,,,,,,,,40.6648,78.688,74.162
PYF,2014,1259379434.65386,,,,,,,,,,,,,,,,,,,,,,,,,,,,,,,,,40.1706,78.909,74.41
PYF,2015,1120551433.57245,,,,,,,,,,,,,,,,,,,,,,,,,,,,,,,,,39.6764,79.127,74.667
PYF,2016,1201644319.94176,,,,,,,,,,,,,,,,,,,,,,,,,,,,,,,,,39.1822,79.339,74.924
PYF,2017,,,,,,,,,,,,,,,,,,,,,,,,,,,,,,,,,,38.688,79.539,75.171
PYF,2018,,,,,,,,,,,,,,,,,,,,,,,,,,,,,,,,,,38.487,79.725,75.401
SGP,2000,180960983315.577,,256230100000.0,96074477958.2367,,,,,,,,,,,,,,,,,,,,,,,,,,,,,,7.501,80.0,76.0
SGP,2001,164227663603.041,,238746800000.0,89794943349.8912,,,,,,,,,,,,,,,,,,,,,,,,,,,,,,7.521,80.3,76.3
SGP,2002,170350266625.588,,251974100000.0,92537752708.5893,,,,,,,,,,,,,,,,,,,,,,,,,,,,,,7.541,80.6,76.6
SGP,2003,197818101807.12,,276892100000.0,97645448283.7791,,,,,,,,,,,,,,,,,,,,,,,,,,,,,,7.225,81.6,76.6
SGP,2004,246116274231.194,,339534200000.0,115035498757.543,,,,,,,,,,,,,,,,,,,,,,,,,,,,,,6.909,82.0,77.1
SGP,2005,287771641089.343,,378827600000.0,127807618360.971,,,,,,,,,,,,,,,,,,,,,,,,,,,,,,6.593,82.5,77.6
SGP,2006,338926051019.553,,417845900000.0,148630373214.173,,,,,,,,,,,,,,,,,,,,,,,,,,,,,,6.277,82.6,77.8
SGP,2007,385006740310.595,,449033700000.0,180941941477.009,,,,,,,,,,,,,,,,,,,,,,,,,,,,,,5.961,82.9,78.1
SGP,2008,443371662584.013,,497872200000.0,193611986712.842,,,,,,,,,,,,,,,,,,,,,,,,,,,,,,5.5506,83.3,78.4
SGP,2009,370526055886.957,,448355600000.0,194152286008.938,,,,,,,,,,,,,,,,,,,,,,,,,,,,,,5.1402,83.7,78.9
SGP,2010,474817193392.047,,521467700000.0,239809387605.427,,,,,,,,,,,,,,,,,,,,,,,,,,,,,,4.7298,84.0,79.2
SGP,2011,568009224023.61,,551126400000.0,279351168707.267,,,,,,,,,,,,,,,,,,,,,,,,,,,,,,4.3194,84.1,79.5
SGP,2012,580505492422.743,,565356000000.0,295087220933.024,,,,,,,,,,,,,,,,,,,,,,,,,,,,,,3.909,84.3,79.8
SGP,2013,600013186286.262,,602175200000.0,307576360584.992,,,,,,,,,,,,,,,,,,,,,,,,,,,,,,3.8332,84.5,80.1
SGP,2014,604391776173.0,,618846500000.0,314851156183.411,,,,,,,,,,,,,,,,,,,,,,,,,,,,,,3.7574,84.8,80.3
SGP,2015,549421999163.53,,639768100000.0,308004146057.608,,,,,,,,,,,,,,,,,,,,,,,,,,,,,,3.6816,85.1,80.5
SGP,2016,525128232461.518,,640089100000.0,318763807455.664,,,,,,,,,,,,,,,,,,,,,,,,,,,,,,3.6058,85.1,80.7
SGP,2017,587403226098.449,,689805400000.0,343337750742.27,,,,,,,,,,,,,,,,,,,,,,,,,,,,,,3.53,85.4,80.9
SGP,2018,665697407034.429,,741345800000.0,375981539145.907,,,,,,,,,,,,,,,,,,,,,,,,,,,,,,3.5134,85.5,81.2
SLB,2000,121518649.054803,,1220000000.0,419933580.931046,,,,,,,,,,,,,,,,,,,,,,,,,,,,,,70.517,68.807,66.254
SLB,2001,91650318.1217738,,1106000000.0,409435392.194013,,,,,,,,,,,,,,,,,,,,,,,,,,,,,,70.315,69.238,66.567
SLB,2002,49434014.3530254,,1002000000.0,346431958.274064,,,,,,,,,,,,,,,,,,,,,,,,,,,,,,70.113,69.658,66.866
SLB,2003,91885452.9290584,,1061000000.0,352522682.156703,,,,,,,,,,,,,,,,,,,,,,,,,,,,,,68.6146,70.066,67.152
SLB,2004,116441766.211746,,1257000000.0,397611126.698465,,,,,,,,,,,,,,,,,,,,,,,,,,,,,,67.1162,70.457,67.425
SLB,2005,146181050.991093,,1846000000.0,476898763.595798,9.1,13.3,20.6,52.0,35.8,17.3,1.9,5.0,48.6,18.9,46.1,73.0,36.6,,,,,,,,,22.7,88.5,55.6,,,,,,65.6178,70.831,67.689
SLB,2006,162573092.714984,,2646000000.0,538668769.301531,,,,,,,,,,,,,,,,,,,,,,,,,,,,,,64.1194,71.19,67.95
SLB,2007,218654297.660549,,3395000000.0,620230005.227391,,,,,,,,,,,,,,,,,,,,,,,,,,,,,,62.621,71.539,68.216
SLB,2008,259398115.475264,,3350000000.0,699157190.980782,,,,,,,,,,,,,,,,,,,,,,,,,,,,,,65.6974,71.881,68.491
SLB,2009,224089132.679319,,3450000000.0,735940409.683426,,,,,,,,,,,,,,,,,,,,,,,,,,,,,,68.7738,72.217,68.774
SLB,2010,315659452.74093,,4978000000.0,846797693.595387,,,,,,,,,,,,,,,,,,,,,,,,,,,,,,71.8502,72.547,69.067
SLB,2011,537144326.233681,,4653000000.0,1049952233.25874,,,,,,,,,,,,,,,,,,,,,,,,,,,,,,74.9266,72.87,69.369
SLB,2012,618804286.007065,,4688000000.0,1190994126.60431,11.4,15.5,21.5,44.6,29.2,11.8,2.8,7.0,24.7,6.6,37.1,58.1,21.0,,,,,,,,,12.7,84.5,43.1,,,,,,78.003,73.184,69.675
SLB,2013,573510019.50987,,5200000000.0,1284698922.22785,,,,,,,,,,,,,,,,,,,,,,,,,,,,,,78.003,73.486,69.976
SLB,2014,567771569.852655,,5119000000.0,1335538893.33315,,,,,,,,,,,,,,,,,,,,,,,,,,,,,,78.003,73.774,70.266
SLB,2015,525935948.70453,,5817000000.0,1307061543.70981,,,,,,,,,,,,,,,,,,,,,,,,,,,,,,78.003,74.043,70.536
SLB,2016,554859849.112234,,6077000000.0,1378551118.49224,,,,,,,,,,,,,,,,,,,,,,,,,,,,,,78.003,74.287,70.777
SLB,2017,593886704.212845,,6269000000.0,1483758906.61054,,,,,,,,,,,,,,,,,,,,,,,,,,,,,,78.003,74.505,70.984
SLB,2018,680656697.375648,,6445000000.0,1574599182.64697,,,,,,,,,,,,,,,,,,,,,,,,,,,,,,78.4116,74.697,71.158
THA,2000,81761851505.617,,2908006000000.0,126392233706.79,9.6,13.6,20.9,49.7,33.7,12.2,2.6,6.2,2.4,0.4,42.8,18.3,4.0,,,,,,,,,42.3,48.6,16.8,,,,,,43.44,74.512,66.935
THA,2001,76106587483.3236,,2950702000000.0,120296476180.402,,,,,,,,,,,,,,,,,,,,,,,,,,,,,,42.674,74.651,67.2
THA,2002,81442771879.842,,3134265000000.0,134300851255.002,9.9,14.0,20.9,48.9,33.2,12.9,2.6,6.3,1.1,0.2,41.9,11.8,2.3,,,,,,,,,32.4,39.7,12.4,,,,,,41.908,74.827,67.523
THA,2003,93881649848.3665,,3482049000000.0,152280677649.055,,,,,,,,,,,,,,,,,,,,,,,,,,,,,,42.0144,75.044,67.891
THA,2004,114018869449.691,,4189077000000.0,172895749632.046,9.7,14.0,20.9,49.3,33.8,13.8,2.5,6.1,0.7,0.1,42.5,8.7,1.6,,,,,,,,,26.8,33.4,9.8,,,,,,42.1208,75.306,68.29
THA,2005,129287430000.0,26.0,4867282000000.0,189318549680.384,,,,,,,,,,,,,,,,,,,,,,,,,,,,,15.1,42.2272,75.619,68.71
THA,2006,152553120000.0,,5010546000000.0,221758196504.936,9.9,14.3,21.4,48.5,32.5,15.0,2.5,6.0,0.7,0.1,41.8,6.1,1.2,,,,,,,,,21.9,26.8,7.4,,,,,15.1,42.3336,75.981,69.138
THA,2007,181372240000.0,,5221008000000.0,262942476722.425,10.3,14.7,21.7,46.7,30.8,13.1,2.7,6.5,0.3,0.0,39.8,4.3,0.7,,,,,,,,,20.0,24.5,6.2,,,,,,42.44,76.383,69.563
THA,2008,208357780000.0,,5816132000000.0,291382991177.698,10.1,14.6,21.7,47.2,31.1,13.6,2.7,6.4,0.1,0.0,40.3,3.4,0.5,,,,,,,,,20.4,22.5,5.4,,,,,,44.2646,76.815,69.978
THA,2009,181968016733.264,,4607988000000.0,281710416557.292,10.3,14.8,21.8,46.5,30.6,13.4,2.7,6.5,0.2,0.0,39.6,2.9,0.5,,,,,,,,,17.9,20.0,4.6,,,,,,46.0892,77.265,70.374
THA,2010,227242774271.888,27.0,5665776000000.0,341104820155.464,10.4,14.8,21.7,46.5,30.7,12.4,2.7,6.6,0.1,0.0,39.4,2.4,0.4,,,,,,,,,16.4,17.5,4.0,,,,,,47.9138,77.725,70.749
THA,2011,262943626360.648,,6368348000000.0,370819140946.553,11.1,15.1,21.4,45.2,29.9,10.4,3.0,7.2,0.0,0.0,37.5,1.3,0.2,,,,,,,,,13.2,13.4,2.7,,,,,,49.7384,78.186,71.104
THA,2012,274176581096.669,,6726854000000.0,397558222957.17,10.4,14.8,21.8,46.3,30.4,12.7,2.8,6.6,0.1,0.0,39.3,1.4,0.2,,,,,,,,,12.6,13.5,2.8,,,,,,51.563,78.64,71.446
THA,2013,282259414638.186,,6839908000000.0,420333203150.426,10.8,15.1,22.1,45.1,29.2,11.8,2.9,6.9,0.0,0.0,37.8,1.1,0.1,,,,,,,,,10.9,11.3,2.2,,,,,,50.232,79.078,71.779
THA,2014,278578306806.49,25.0,6477507000000.0,407339454060.678,11.0,15.3,22.1,44.5,28.7,11.3,3.0,7.1,0.0,0.0,37.0,0.9,0.1,,,,,,,,,10.5,10.4,2.0,,,,,,48.901,79.49,72.102
THA,2015,271446167901.394,,6477761000000.0,401296437424.995,11.3,15.5,21.9,43.8,28.4,10.0,3.2,7.5,0.0,0.0,36.0,0.5,0.1,,21.5,0.075,,,,,,7.2,7.0,1.2,7.29,,15.53,,,47.57,79.863,72.412
THA,2016,277273903172.05,24.6000003814697,6413521000000.0,413366150655.591,11.1,15.3,21.8,44.5,28.9,10.8,3.1,7.3,0.0,0.0,36.9,0.6,0.1,,,,,,,,,8.6,8.2,1.4,,,,,,46.239,80.189,72.704
THA,2017,304652181948.389,,6812906000000.0,456356961443.497,11.1,15.5,22.1,44.1,28.4,11.0,3.0,7.3,0.0,0.0,36.5,0.4,0.1,17.61,,,,,38.7,,0.068,7.9,7.6,1.3,,,,,,44.908,80.468,72.977
THA,2018,328581755663.36,23.7000007629395,7376626000000.0,506611070188.362,11.1,15.5,22.2,44.0,28.2,11.3,3.0,7.2,0.0,0.0,36.4,0.5,0.1,,,,,,,,,9.9,8.4,1.5,,,,,,44.6888,80.704,73.228
TLS,2000,,,937316400.0,367087900.0,,,,,,,,,,,,,,,,,,,,,,,,,,,,,,61.6138,60.608,57.46
TLS,2001,,,1193170600.0,477443500.0,11.5,15.6,22.1,43.5,28.2,11.9,3.0,7.3,38.5,11.2,35.9,69.9,29.5,,,,,,,,,36.3,91.0,51.9,,,,,7.6,62.3004,61.631,58.327
TLS,2002,,,1232826400.0,469506700.0,,,,,,,,,,,,,,,,,,,,,,,,,,,,,,62.987,62.639,59.233
TLS,2003,,,878781800.0,490439100.0,,,,,,,,,,,,,,,,,,,,,,,,,,,,,,61.0722,63.64,60.204
TLS,2004,,,620641300.0,440764600.0,,,,,,,,,,,,,,,,,,,,,,,,,,,,,,59.1574,64.622,61.228
TLS,2005,,,414548000.0,462283600.0,,,,,,,,,,,,,,,,,,,,,,,,,,,,,,57.2426,65.558,62.26
TLS,2006,43343080.7502369,,491177200.0,453805100.0,,,,,,,,,,,,,,,,,,,,,,,,,,,,,,55.3278,66.417,63.234
TLS,2007,69159715.1813849,,742885500.0,542795400.0,13.5,17.2,22.3,37.5,22.9,4.9,4.1,9.5,37.4,9.0,27.8,77.3,29.9,,,,,,,,,50.4,96.0,54.8,,,,,19.9,53.413,67.176,64.085
TLS,2008,58143861.8799356,,838407600.0,648492700.0,,,,,,,,,,,,,,,,,,,,,,,,,,,,,,50.5006,67.822,64.769
TLS,2009,66149931.3213136,,1195784200.0,726882400.0,,,,,,,,,,,,,,,,,,,,,,,,,,,,,,47.5882,68.356,65.28
TLS,2010,94889673.7611027,,1173824200.0,881827800.0,,,,,,,,,,,,,,,,,,,,,,,,,,,,,,44.6758,68.794,65.631
TLS,2011,101258510.468652,,1326564500.0,1042411500.0,,,,,,,,,,,,,,,,,,,,,,,,,,,,,,41.7634,69.161,65.862
TLS,2012,102689739.188155,,1203483300.0,1160389500.0,,,,,,,,,,,,,,,,,,,,,,,,,,,,,,38.851,69.489,66.032
TLS,2013,87862751.6044241,,878221600.0,1395519600.0,,,,,,,,,,,,,,,,,,,,,,,,,,,,,,37.8378,69.807,66.196
TLS,2014,89595180.712222,,979181800.0,1447307100.0,13.4,16.9,21.8,38.4,24.0,5.4,4.0,9.4,22.0,4.4,28.7,65.9,21.2,,,,,,,,,41.8,91.8,46.6,,,,,,36.8246,70.127,66.375
TLS,2015,91006899.613869,,906921000.0,1594410900.0,,,,,,,,,,,,,,,,,,,,,,,,,,,,,,35.8114,70.454,66.582
TLS,2016,96780600.0,34.0,980561200.0,1650618500.0,,,,,,,,,,,,,,,,,,,,,,,,,,,,,,34.7982,70.781,66.815
TLS,2017,109896003.011685,,894480500.0,1615609700.0,,,,,,,,,,,,,,,,,,,,,,,,,,,,,,33.785,71.092,67.053
TLS,2018,121872114.419877,33.4000015258789,920526800.0,1583876200.0,,,,,,,,,,,,,,,,,,,,,,,,,,,,,,32.364,71.376,67.279
TON,2000,,,,204849612.592276,11.0,15.9,22.6,44.2,28.3,15.8,2.4,6.2,2.5,0.7,37.7,7.9,2.4,,,,,,,,,16.2,27.8,8.9,,,,,,21.7608,70.521,68.748
TON,2001,24261943.4171312,,,181116952.7897,,,,,,,,,,,,,,,,,,,,,,,,,,,,,,21.5134,70.7,68.691
TON,2002,33711234.8577594,,,182763693.916873,,,,,,,,,,,,,,,,,,,,,,,,,,,,,,21.266,70.885,68.604
TON,2003,39124033.3207722,,,202246959.690276,,,,,,,,,,,,,,,,,,,,,,,,,,,,,,20.8098,71.068,68.491
TON,2004,44843200.5097821,,,230657965.488586,,,,,,,,,,,,,,,,,,,,,,,,,,,,,,20.3536,71.245,68.361
TON,2005,46685348.8666571,,,261797606.149719,,,,,,,,,,,,,,,,,,,,,,,,,,,,,,19.8974,71.41,68.23
TON,2006,43161488.3252569,,,292232117.078998,,,,,,,,,,,,,,,,,,,,,,,,,,,,,,19.4412,71.56,68.119
TON,2007,37009253.0224663,,,298513956.159185,,,,,,,,,,,,,,,,,,,,,,,,,,,,,,18.985,71.696,68.041
TON,2008,51426149.6760878,,,344428609.006734,,,,,,,,,,,,,,,,,,,,,,,,,,,,,,18.5084,71.82,68.008
TON,2009,43707213.9262791,,,312377379.297118,11.0,15.5,22.1,44.6,28.9,13.8,2.7,6.7,1.1,0.3,37.5,8.9,1.9,,,,,,,,,22.5,31.9,9.2,,,,,,18.0318,71.931,68.023
TON,2010,45042474.6324301,,,366840012.442325,,,,,,,,,,,,,,,,,,,,,,,,,,,,,,17.5552,72.03,68.081
TON,2011,67363413.8893971,,478798700.0,414523388.461329,,,,,,,,,,,,,,,,,,,,,,,,,,,,,,17.0786,72.119,68.174
TON,2012,80352967.4697336,,480982000.0,470714083.426751,,,,,,,,,,,,,,,,,,,,,,,,,,,,,,16.602,72.202,68.285
TON,2013,91779809.8045833,,492594200.0,450643615.180528,,,,,,,,,,,,,,,,,,,,,,,,,,,,,,16.214,72.282,68.398
TON,2014,74694566.7730648,,451374400.0,439878828.008608,,,,,,,,,,,,,,,,,,,,,,,,,,,,,,15.826,72.363,68.506
TON,2015,70256881.1122332,,553530900.0,437006227.162781,11.4,15.2,21.2,45.4,29.7,12.6,2.8,6.8,1.0,0.2,37.6,7.5,1.5,,,,,,,,,,27.5,8.0,,,,,,15.438,72.449,68.606
TON,2016,103168335.198981,,647109800.0,420540178.571429,,,,,,,,,,,,,,,,,,,,,,,,,,,,,,15.05,72.544,68.699
TON,2017,102004945.659173,,669732300.0,460379144.989821,,,,,,,,,,,,,,,,,,,,,,,,,,,,,,14.662,72.648,68.788
TON,2018,104850808.124847,,660558800.0,489235527.395387,,,,,,,,,,,,,,,,,,,,,,,,,,,,,,14.3302,72.763,68.877
TUV,2000,,,,13742057.0500928,,,,,,,,,,,,,,,,,,,,,,,,,,,,,,,,
TUV,2001,1274564.4009237,,,13196544.946726,,,,,,,,,,,,,,,,,,,,,,,,,,,,,,,,
TUV,2002,1635078.86663589,,,15450994.2410084,,,,,,,,,,,,,,,,,,,,,,,,,,,,,,,,
TUV,2003,2015177.69159636,,,18231078.5394643,,,,,,,,,,,,,,,,,,,,,,,,,,,,,,,,
TUV,2004,2715978.95511279,,,21534931.6075894,,,,,,,,,,,,,,,,,,,,,,,,,,,,,,,,
TUV,2005,2627019.09343642,,,21839098.8927071,,,,,,,,,,,,,,,,,,,,,,,,,,,,,,,,
TUV,2006,3015215.1759909,,,22902861.4457831,,,,,,,,,,,,,,,,,,,,,,,,,,,,,,,,
TUV,2007,3266386.14747813,,,27030374.0272781,,,,,,,,,,,,,,,,,,,,,,,,,,,,,,,,
TUV,2008,4060750.71532369,,,30290219.7617849,,,,,,,,,,,,,,,,,,,,,,,,,,,,,,,,
TUV,2009,5513224.54339492,,,27101076.2751521,,,,,,,,,,,,,,,,,,,,,,,,,,,,,,,,
TUV,2010,14060484.3684377,,,31823518.6204366,10.8,15.0,21.3,46.4,30.7,13.9,2.7,6.6,3.3,0.4,39.1,17.6,4.3,,,,,,,,,26.3,46.7,16.1,,,,,,,,
TUV,2011,14848815.1173893,,,38711810.2114492,,,,,,,,,,,,,,,,,,,,,,,,,,,,,,,,
TUV,2012,25110647.0714293,,,37671774.6945537,,,,,,,,,,,,,,,,,,,,,,,,,,,,,,,,
TUV,2013,5717660.74080233,,,37509075.1110253,,,,,,,,,,,,,,,,,,,,,,,,,,,,,,,,
TUV,2014,5715816.55954554,,,37290607.5356048,,,,,,,,,,,,,,,,,,,,,,,,,,,,,,,,
TUV,2015,7018031.2051533,,,35492074.2243257,,,,,,,,,,,,,,,,,,,,,,,,,,,,,,,,
TUV,2016,7598920.94271012,,,36547799.583705,,,,,,,,,,,,,,,,,,,,,,,,,,,,,,,,
TUV,2017,8882108.59854392,,,40619251.9926426,,,,,,,,,,,,,,,,,,,,,,,,,,,,,,,,
TUV,2018,8739490.41664788,,,42588164.9731022,,,,,,,,,,,,,,,,,,,,,,,,,,,,,,,,
VNM,2000,17150000000.0,48.7999992370605,455760100415500.0,31172518403.3162,,,,,,,,,,,,,,,,,,,,,,,,,,,,,,28.6456,77.709,68.359
VNM,2001,17837000000.0,,530695629439200.0,32685198735.3053,,,,,,,,,,,,,,,,,,,,,,,,,,,,,,28.2778,77.879,68.592
VNM,2002,19654000000.0,,614470738294100.0,35064105500.8344,11.2,14.8,21.1,45.4,29.9,8.0,3.2,7.5,37.0,9.7,37.0,70.1,28.7,,,,,,,,,,89.0,50.8,,,,,,27.91,78.034,68.847
VNM,2003,23421000000.0,,754107913721500.0,39552513316.0734,,,,,,,,,,,,,,,,,,,,,,,,,,,,,,28.4872,78.176,69.126
VNM,2004,30352000000.0,,919553183995200.0,45427854693.2554,11.3,15.3,21.8,44.5,28.8,10.7,2.9,7.2,25.8,6.6,36.8,59.3,21.8,,,,,,,,,,84.2,43.7,,,,,,29.0644,78.306,69.422
VNM,2005,36623000000.0,41.2999992370605,1049910000000000.0,57633255618.2731,,,,,,,,,,,,,,,,,,,,,,,,,,,,,,29.6416,78.425,69.722
VNM,2006,44926000000.0,,1175778000000000.0,66371664817.0436,11.5,15.8,22.3,43.3,27.7,11.7,2.9,7.2,18.8,4.7,35.8,50.6,17.2,,,,,,,,,,79.9,38.2,,,,,21.3,30.2188,78.532,70.005
VNM,2007,54591000000.0,,1492433700000000.0,77414425532.2452,,,,,,,,,,,,,,,,,,,,,,,,,,,,,,30.796,78.631,70.255
VNM,2008,69691000000.0,,1716467000000000.0,99130304099.1274,11.6,15.7,21.8,43.5,28.0,10.8,3.0,7.4,14.1,3.4,35.6,45.9,14.2,,,,,,,,,,77.8,35.1,,,,,,31.849,78.721,70.46
VNM,2009,62862000000.0,,1599387000000000.0,106014659770.222,,,,,,,,,,,,,,,,,,,,,,,,,,,,,,32.902,78.805,70.616
VNM,2010,79697000000.0,35.2000007629395,1730901835107200.0,115931749697.241,10.8,15.0,21.4,46.3,30.9,13.4,2.5,6.5,4.0,0.8,39.3,16.8,4.6,,,,,,,,,20.7,46.8,16.1,,,,,,33.955,78.883,70.725
VNM,2011,105785000000.0,,1801806837558100.0,135539438559.709,,,,,,,,,,,,,,,,,,,,,,,,,,,,,13.0,35.008,78.957,70.796
VNM,2012,124314000000.0,,1965677127485800.0,155820001920.492,11.6,16.1,22.2,43.0,27.7,12.8,2.8,7.1,2.7,0.5,35.6,13.0,3.2,,,,,,,,,17.2,40.8,13.1,,,,,10.9,36.061,79.027,70.845
VNM,2013,142743000000.0,,2306613368214600.0,171222025117.381,,,,,,,,,,,,,,,,,,,,,,,,,,,,,,35.0346,79.094,70.887
VNM,2014,161187000000.0,27.2000007629395,2601967229632600.0,186204652922.262,12.0,16.4,22.4,42.2,26.8,13.0,2.7,7.1,2.6,0.5,34.8,11.0,2.9,,,,,,,,,13.5,35.0,11.1,4.0,,8.39,,,34.0082,79.159,70.931
VNM,2015,173267000000.0,,3073334000000000.0,193241108709.536,,,,,,,,,,,,,,,,,,,,,,,,,,,,,,32.9818,79.226,70.984
VNM,2016,189081000000.0,14.3999996185303,3543103000000000.0,205276172134.901,11.9,16.3,22.4,42.5,27.1,13.4,2.6,6.9,1.8,0.4,35.3,7.8,2.1,,,,,9.2,,,,9.8,27.2,8.4,,,,,,31.9554,79.294,71.049
VNM,2017,228189000000.0,,4163134000000000.0,223779865815.183,,,,,,,,,,,,,,,,,,7.9,,,,,,,,,,,,30.929,79.366,71.124
VNM,2018,258487500000.0,13.8000001907349,4696315000000000.0,245213686369.157,11.9,16.3,22.3,42.9,27.5,14.0,2.5,6.7,1.8,0.3,35.7,6.6,1.8,,,,,6.8,,,,6.7,22.4,6.9,5.0,5.75,10.78,6.46,,29.1518,79.442,71.207
VUT,2000,156996731.680265,,,272014693.050806,,,,,,,,,,,,,,,,,,,,,,,,,,,,,,59.946,68.73,66.217
VUT,2001,139149293.096801,,,257926881.72043,,,,,,,,,,,,,,,,,,,,,,,,,,,,,,59.273,68.983,66.403
VUT,2002,113812212.210784,,18543000000.0,262596597.803278,,,,,,,,,,,,,,,,,,,,,,,,,,,,,,58.6,69.225,66.577
VUT,2003,137499164.597588,,18482000000.0,314471328.071548,,,,,,,,,,,,,,,,,,,,,,,,,,,,,,57.9142,69.456,66.737
VUT,2004,160422408.519022,,22675000000.0,364996869.129618,,,,,,,,,,,,,,,,,,,,,,,,,,,,,,57.2284,69.675,66.885
VUT,2005,176959904.87286,,23325000000.0,394962552.336108,,,,,,,,,,,,,,,,,,,,,,,,,,,,,,56.5426,69.883,67.02
VUT,2006,183513482.016089,,23464000000.0,439376794.094041,,,,,,,,,,,,,,,,,,,,,,,,,,,,,,55.8568,70.079,67.146
VUT,2007,219482601.550594,,32901000000.0,516392922.513728,,,,,,,,,,,,,,,,,,,,,,,,,,,,,,55.171,70.264,67.267
VUT,2008,275438871.12186,,32900000000.0,590748237.021657,,,,,,,,,,,,,,,,,,,,,,,,,,,,,,54.6456,70.44,67.386
VUT,2009,303489416.950024,,32899000000.0,592622502.360859,,,,,,,,,,,,,,,,,,,,,,,,,,,,,,54.1202,70.609,67.507
VUT,2010,325463444.732839,,32898000000.0,670713208.084552,11.1,15.5,21.8,44.8,29.4,13.1,2.7,6.7,13.2,3.3,37.6,39.4,12.7,,,,,,,,,,72.4,31.7,,,,,,53.5948,70.771,67.634
VUT,2011,350516945.06712,,32897000000.0,770153304.153832,,,,,,,,,,,,,,,,,,,,,,,,,,,,,,53.0694,70.926,67.769
VUT,2012,356479438.472964,,32896000000.0,747839697.746593,,,,,,,,,,,,,,,,,,,,,,,,,,,,,,52.544,71.078,67.913
VUT,2013,390939130.916798,,35020000000.0,758304466.245339,,,,,,,,,,,,,,,,,,,,,,,,,,,,,,51.9226,71.226,68.064
VUT,2014,382433703.035951,,35090000000.0,772315721.265827,,,,,,,,,,,,,,,,,,,,,,,,,,,,,,51.3012,71.373,68.222
VUT,2015,315943949.224081,,44279000000.0,730870581.672312,,,,,,,,,,,,,,,,,,,,,,,,,,,,,,50.6798,71.522,68.383
VUT,2016,356723049.615569,,45308000000.0,780889605.899977,,,,,,,,,,,,,,,,,,,,,,,,,,,,,,50.0584,71.674,68.544
VUT,2017,382574741.706646,,46784000000.0,880043553.748442,,,,,,,,,,,,,,,,,,,,,,,,,,,,,,49.437,71.83,68.699
VUT,2018,431667754.372836,,51643000000.0,914727908.137793,,,,,,,,,,,,,,,,,,,,,,,,,,,,,,48.9082,71.99,68.847
WSM,2000,,,440001300.0,269019710.327456,,,,,,,,,,,,,,,,,,,,,,,,,,,,,,40.2346,71.411,66.348
WSM,2001,,,652176800.0,273088357.1637,,,,,,,,,,,,,,,,,,,,,,,,,,,,,,38.6148,71.752,66.73
WSM,2002,,,673255300.0,288078881.433056,10.6,14.5,20.8,47.9,32.5,13.2,2.5,6.3,2.0,0.4,40.7,11.9,2.9,,,,,,,,,,36.6,11.6,,,,,,36.995,72.087,67.102
WSM,2003,,,,338838639.378435,,,,,,,,,,,,,,,,,,,,,,,,,,,,,,35.9308,72.4,67.454
WSM,2004,106742131.475864,,490741900.0,420320176.359437,,,,,,,,,,,,,,,,,,,,,,,,,,,,,,34.8666,72.685,67.784
WSM,2005,141687156.305515,,564706200.0,465568018.300557,,,,,,,,,,,,,,,,,,,,,,,,,,,,,,33.8024,72.94,68.092
WSM,2006,149059985.766923,,,505832439.822977,,,,,,,,,,,,,,,,,,,,,,,,,,,,,,32.7382,73.171,68.383
WSM,2007,181792959.715334,,,570469196.667431,,,,,,,,,,,,,,,,,,,,,,,,,,,,,,31.674,73.39,68.667
WSM,2008,180131839.564906,,,619260721.579306,10.0,14.1,20.3,49.2,34.1,12.2,2.7,6.4,0.6,0.1,42.0,9.6,1.7,,,,,,,,,26.9,35.9,10.7,,,,,,30.9894,73.605,68.95
WSM,2009,173604988.622249,,,584706020.213857,,,,,,,,,,,,,,,,,,,,,,,,,,,,,,30.3048,73.819,69.231
WSM,2010,204231278.609345,,,663155954.963744,,,,,,,,,,,,,,,,,,,,,,,,,,,,,,29.6202,74.03,69.51
WSM,2011,208397679.652067,,,737147951.052999,,,,,,,,,,,,,,,,,,,,,,,,,,,,,,28.9356,74.233,69.782
WSM,2012,222169071.684594,,,760319276.013529,,,,,,,,,,,,,,,,,,,,,,,,,,,,,,28.251,74.424,70.043
WSM,2013,230141451.888585,,,770059550.966038,11.1,14.9,20.8,46.3,31.3,11.4,2.7,6.8,1.1,0.1,38.7,9.6,2.0,,,,,,,,,20.3,33.9,9.8,,,,,,27.378,74.6,70.286
WSM,2014,225924771.439702,,,756805940.214677,,,,,,,,,,,,,,,,,,,,,,,,,,,,,,26.505,74.762,70.511
WSM,2015,231414415.499994,,,787958585.894736,,,,,,,,,,,,,,,,,,,,,,,,,,,,,,25.632,74.911,70.715
WSM,2016,248249692.321023,,,799493884.324697,,,,,,,,,,,,,,,,,,,,,,,,,,,,,,24.759,75.052,70.895
WSM,2017,278392003.174767,,,832025573.983795,,,,,,,,,,,,,,,,,,,,,,,,,,,,,,23.886,75.189,71.055
WSM,2018,301045362.328637,,,821286927.535723,,,,,,,,,,,,,,,,,,,,,,,,,,,,,,23.2952,75.325,71.197
